O*NET-SOC Code,SOC_Detailed,tech_intensity_score,total_technologies,hot_technologies,hot_tech_ratio
11-1011.00,11-1011,12.305882352941175,49,17,0.3469387755102041
11-1011.03,11-1011,13.369187675070027,21,14,0.6666666666666666
11-1021.00,11-1021,14.610314262691377,146,49,0.3356164383561644
11-1031.00,11-1031,10.412132352941175,32,11,0.34375
11-2011.00,11-2011,13.092828364222402,73,29,0.3972602739726027
11-2021.00,11-2021,18.60030959752322,152,70,0.4605263157894737
11-2022.00,11-2022,13.779097658480868,103,40,0.3883495145631068
11-2032.00,11-2032,12.19679144385027,66,31,0.4696969696969697
11-2033.00,11-2033,11.740196078431373,60,26,0.43333333333333335
11-3012.00,11-3012,13.081722689075631,56,23,0.4107142857142857
11-3013.00,11-3013,12.952941176470588,50,21,0.42
11-3013.01,11-3013,9.128698752228164,33,13,0.3939393939393939
11-3021.00,11-3021,19.48760385510136,177,62,0.3502824858757062
11-3031.00,11-3031,13.675329236172082,67,31,0.4626865671641791
11-3031.01,11-3031,12.105882352941176,51,15,0.29411764705882354
11-3031.03,11-3031,12.796078431372548,24,13,0.5416666666666666
11-3051.00,11-3051,10.912063808574276,59,14,0.23728813559322035
11-3051.01,11-3051,12.694117647058823,51,17,0.3333333333333333
11-3051.02,11-3051,12.876470588235295,8,5,0.625
11-3051.03,11-3051,10.227149321266968,13,7,0.5384615384615384
11-3051.04,11-3051,9.470588235294118,10,5,0.5
11-3051.06,11-3051,13.13109243697479,21,11,0.5238095238095238
11-3061.00,11-3061,10.930365659777424,37,13,0.35135135135135137
11-3071.00,11-3071,10.869389978213508,108,15,0.1388888888888889
11-3071.04,11-3071,9.471385842472582,59,15,0.2542372881355932
11-3111.00,11-3111,9.628454172366622,86,17,0.19767441860465115
11-3121.00,11-3121,9.211764705882352,102,16,0.1568627450980392
11-3131.00,11-3131,8.528063725490197,96,16,0.16666666666666666
11-9013.00,11-9013,12.324828113063408,77,11,0.14285714285714285
11-9021.00,11-9021,12.699264705882351,64,21,0.328125
11-9031.00,11-9031,13.658823529411762,34,6,0.17647058823529413
11-9032.00,11-9032,13.438865546218487,56,11,0.19642857142857142
11-9033.00,11-9033,11.166301096709871,59,17,0.288135593220339
11-9041.00,11-9041,20.744858554108664,131,73,0.5572519083969466
11-9041.01,11-9041,16.66213235294118,32,19,0.59375
11-9051.00,11-9051,8.88657616892911,39,10,0.2564102564102564
11-9071.00,11-9071,10.376470588235295,8,5,0.625
11-9072.00,11-9072,12.699264705882351,64,32,0.5
11-9081.00,11-9081,6.192292089249493,29,7,0.2413793103448276
11-9111.00,11-9111,13.85048633626679,127,41,0.3228346456692913
11-9121.00,11-9121,16.537119675456392,29,19,0.6551724137931034
11-9121.01,11-9121,13.673202614379084,45,12,0.26666666666666666
11-9121.02,11-9121,11.555228758169934,36,8,0.2222222222222222
11-9131.00,11-9131,9.052012383900928,19,6,0.3157894736842105
11-9141.00,11-9141,12.353130929791272,62,15,0.24193548387096775
11-9151.00,11-9151,9.444385026737967,22,8,0.36363636363636365
11-9161.00,11-9161,9.254411764705884,24,7,0.2916666666666667
11-9171.00,11-9171,9.623529411764705,17,5,0.29411764705882354
11-9179.01,11-9179,11.377941176470587,16,8,0.5
11-9179.02,11-9179,10.860784313725489,36,6,0.16666666666666666
11-9199.01,11-9199,12.594884910485934,69,14,0.2028985507246377
11-9199.02,11-9199,7.196229260935143,78,11,0.14102564102564102
11-9199.08,11-9199,11.08235294117647,23,12,0.5217391304347826
11-9199.09,11-9199,8.212745098039214,24,8,0.3333333333333333
11-9199.10,11-9199,12.919457013574661,13,10,0.7692307692307693
11-9199.11,11-9199,14.039468690702089,31,18,0.5806451612903226
13-1011.00,13-1011,8.576470588235296,25,10,0.4
13-1021.00,13-1021,13.30802139037433,22,13,0.5909090909090909
13-1022.00,13-1022,9.770053475935828,55,15,0.2727272727272727
13-1023.00,13-1023,11.522515212981743,58,17,0.29310344827586204
13-1031.00,13-1031,10.969540692989524,73,7,0.0958904109589041
13-1032.00,13-1032,8.845378151260505,21,7,0.3333333333333333
13-1041.00,13-1041,11.976470588235294,17,7,0.4117647058823529
13-1041.01,13-1041,15.5026369168357,29,13,0.4482758620689655
13-1041.03,13-1041,7.226774847870182,29,7,0.2413793103448276
13-1041.04,13-1041,12.912132352941175,32,16,0.5
13-1041.06,13-1041,12.749146110056925,31,12,0.3870967741935484
13-1041.07,13-1041,12.335294117647058,34,16,0.47058823529411764
13-1041.08,13-1041,10.847058823529412,18,7,0.3888888888888889
13-1051.00,13-1051,11.371139705882353,64,17,0.265625
13-1071.00,13-1071,14.547606019151848,172,46,0.26744186046511625
13-1074.00,13-1074,12.150226244343893,13,9,0.6923076923076923
13-1075.00,13-1075,8.191176470588237,20,9,0.45
13-1081.00,13-1081,12.39918864097363,29,16,0.5517241379310345
13-1081.01,13-1081,16.591596638655464,49,22,0.4489795918367347
13-1081.02,13-1081,12.399778024417312,53,22,0.41509433962264153
13-1082.00,13-1082,14.013071895424838,90,44,0.4888888888888889
13-1111.00,13-1111,22.94248366013072,216,109,0.5046296296296297
13-1121.00,13-1121,9.977722152690863,47,18,0.3829787234042553
13-1131.00,13-1131,9.418736383442265,27,9,0.3333333333333333
13-1141.00,13-1141,9.309313725490199,96,18,0.1875
13-1151.00,13-1151,11.616993464052287,117,29,0.24786324786324787
13-1161.00,13-1161,17.145992893801814,149,51,0.3422818791946309
13-1161.01,13-1161,14.808639705882353,64,30,0.46875
13-1199.04,13-1199,12.68712241653418,37,16,0.43243243243243246
13-1199.05,13-1199,16.194268476621417,39,26,0.6666666666666666
13-1199.06,13-1199,13.79607843137255,75,32,0.4266666666666667
13-1199.07,13-1199,10.831372549019608,51,21,0.4117647058823529
13-2011.00,13-2011,16.12153581097711,239,37,0.15481171548117154
13-2022.00,13-2022,12.941176470588237,20,8,0.4
13-2023.00,13-2023,11.06764705882353,68,10,0.14705882352941177
13-2031.00,13-2031,12.606979062811567,59,9,0.15254237288135594
13-2041.00,13-2041,9.124533715925395,41,13,0.3170731707317073
13-2051.00,13-2051,14.456873578160545,181,34,0.1878453038674033
13-2052.00,13-2052,8.525490196078431,102,13,0.12745098039215685
13-2053.00,13-2053,11.019878296146045,29,8,0.27586206896551724
13-2054.00,13-2054,15.61818181818182,187,41,0.2192513368983957
13-2061.00,13-2061,8.606085192697769,29,12,0.41379310344827586
13-2071.00,13-2071,10.212787723785166,23,9,0.391304347826087
13-2072.00,13-2072,7.607085561497327,88,10,0.11363636363636363
13-2081.00,13-2081,9.671657754010695,22,10,0.45454545454545453
13-2082.00,13-2082,4.9526610644257705,42,6,0.14285714285714285
13-2099.01,13-2099,20.02745098039216,36,28,0.7777777777777778
13-2099.04,13-2099,11.496218487394957,28,15,0.5357142857142857
15-1211.00,15-1211,25.71246453565349,311,123,0.3954983922829582
15-1211.01,15-1211,10.742483660130718,63,26,0.4126984126984127
15-1212.00,15-1212,21.202881152460982,245,99,0.40408163265306124
15-1221.00,15-1221,21.42924836601307,144,61,0.4236111111111111
15-1231.00,15-1231,12.679248366013072,144,34,0.2361111111111111
15-1232.00,15-1232,23.768226381461677,264,118,0.44696969696969696
15-1241.00,15-1241,22.607663628831816,284,107,0.3767605633802817
15-1241.01,15-1241,11.430065359477123,54,21,0.3888888888888889
15-1242.00,15-1242,25.394220846233228,285,114,0.4
15-1243.00,15-1243,26.87654366094264,322,116,0.36024844720496896
15-1243.01,15-1243,19.71377513030529,158,67,0.4240506329113924
15-1244.00,15-1244,22.3484741264927,266,101,0.37969924812030076
15-1251.00,15-1251,27.304681872749097,294,109,0.3707482993197279
15-1252.00,15-1252,32.0,425,151,0.3552941176470588
15-1253.00,15-1253,31.082352941176474,425,127,0.2988235294117647
15-1254.00,15-1254,25.642362428842503,248,128,0.5161290322580645
15-1255.00,15-1255,25.058823529411768,235,120,0.5106382978723404
15-1255.01,15-1255,17.541176470588233,54,29,0.5370370370370371
15-1299.01,15-1299,16.645080687142116,113,45,0.39823008849557523
15-1299.02,15-1299,20.906341911764706,128,68,0.53125
15-1299.03,15-1299,16.780688124306327,106,31,0.29245283018867924
15-1299.04,15-1299,15.994117647058825,68,34,0.5
15-1299.05,15-1299,17.179738562091504,90,57,0.6333333333333333
15-1299.06,15-1299,15.443438914027151,65,38,0.5846153846153846
15-1299.07,15-1299,17.852941176470587,50,33,0.66
15-1299.08,15-1299,25.589398344889286,263,133,0.5057034220532319
15-1299.09,15-1299,26.436209933075027,334,126,0.3772455089820359
15-2011.00,15-2011,12.450980392156863,45,20,0.4444444444444444
15-2021.00,15-2021,20.84640522875817,90,33,0.36666666666666664
15-2031.00,15-2031,17.90856553147575,114,47,0.41228070175438597
15-2041.00,15-2041,19.2615515771526,69,25,0.36231884057971014
15-2041.01,15-2041,19.652821128451382,49,29,0.5918367346938775
15-2051.00,15-2051,19.919151846785223,86,52,0.6046511627906976
15-2051.01,15-2051,22.336764705882352,200,100,0.5
15-2051.02,15-2051,14.612177502579978,57,21,0.3684210526315789
15-2099.01,15-2099,18.652941176470588,50,30,0.6
17-1011.00,17-1011,17.284838442419222,71,34,0.4788732394366197
17-1012.00,17-1012,16.317647058823532,28,18,0.6428571428571429
17-1021.00,17-1021,13.709266720386786,73,24,0.3287671232876712
17-1022.00,17-1022,10.775270108043216,49,7,0.14285714285714285
17-1022.01,17-1022,15.472445820433437,38,17,0.4473684210526316
17-2011.00,17-2011,19.47058823529412,85,25,0.29411764705882354
17-2021.00,17-2021,16.546078431372553,24,16,0.6666666666666666
17-2031.00,17-2031,20.102327549724926,139,33,0.23741007194244604
17-2041.00,17-2041,17.24019607843137,60,16,0.26666666666666666
17-2051.00,17-2051,17.06343402225755,74,25,0.33783783783783783
17-2051.01,17-2051,16.349632352941175,32,13,0.40625
17-2051.02,17-2051,16.223529411764705,51,17,0.3333333333333333
17-2061.00,17-2061,20.113995943204866,116,19,0.16379310344827586
17-2071.00,17-2071,20.208389585342335,122,32,0.26229508196721313
17-2072.00,17-2072,17.6393665158371,52,19,0.36538461538461536
17-2072.01,17-2072,15.341176470588236,51,25,0.49019607843137253
17-2081.00,17-2081,15.224598930481283,55,14,0.2545454545454545
17-2111.00,17-2111,16.387758346581876,74,18,0.24324324324324326
17-2111.02,17-2111,17.305882352941175,49,10,0.20408163265306123
17-2112.00,17-2112,17.20180995475113,104,28,0.2692307692307692
17-2112.01,17-2112,18.011764705882353,64,30,0.46875
17-2112.02,17-2112,20.72192513368984,110,68,0.6181818181818182
17-2112.03,17-2112,13.360784313725487,36,16,0.4444444444444444
17-2121.00,17-2121,16.75735294117647,40,13,0.325
17-2131.00,17-2131,16.393498452012384,38,16,0.42105263157894735
17-2141.00,17-2141,18.78507273877293,93,33,0.3548387096774194
17-2141.01,17-2141,17.399188640973627,29,11,0.3793103448275862
17-2141.02,17-2141,19.62845417236662,86,36,0.4186046511627907
17-2151.00,17-2151,15.450980392156863,45,14,0.3111111111111111
17-2161.00,17-2161,17.604924760601914,43,14,0.32558139534883723
17-2171.00,17-2171,17.562091503267972,45,22,0.4888888888888889
17-2199.03,17-2199,17.866042780748664,44,12,0.2727272727272727
17-2199.05,17-2199,16.645061043285235,53,18,0.33962264150943394
17-2199.06,17-2199,20.326308985132513,91,30,0.32967032967032966
17-2199.07,17-2199,18.67450980392157,51,24,0.47058823529411764
17-2199.08,17-2199,16.21470588235294,68,28,0.4117647058823529
17-2199.09,17-2199,17.007843137254902,51,18,0.35294117647058826
17-2199.10,17-2199,17.520361990950228,65,30,0.46153846153846156
17-2199.11,17-2199,18.29638802889577,57,24,0.42105263157894735
17-3011.00,17-3011,16.712999273783588,81,26,0.32098765432098764
17-3012.00,17-3012,17.786996904024765,76,22,0.2894736842105263
17-3013.00,17-3013,16.19770444763271,41,17,0.4146341463414634
17-3021.00,17-3021,16.442134062927497,43,27,0.627906976744186
17-3022.00,17-3022,14.23355119825708,27,12,0.4444444444444444
17-3023.00,17-3023,19.194172622319954,107,25,0.2336448598130841
17-3024.00,17-3024,15.628180574555403,43,15,0.3488372093023256
17-3024.01,17-3024,13.770053475935828,55,22,0.4
17-3025.00,17-3025,15.421595487510073,73,14,0.1917808219178082
17-3026.00,17-3026,14.863169051404345,111,22,0.1981981981981982
17-3026.01,17-3026,15.972192513368983,11,6,0.5454545454545454
17-3027.00,17-3027,15.425575447570333,46,16,0.34782608695652173
17-3027.01,17-3027,14.457918552036197,13,4,0.3076923076923077
17-3028.00,17-3028,19.372549019607842,15,13,0.8666666666666667
17-3029.01,17-3029,14.559663865546218,21,9,0.42857142857142855
17-3029.08,17-3029,15.353475935828875,22,10,0.45454545454545453
17-3031.00,17-3031,14.512605042016807,105,20,0.19047619047619047
19-1011.00,19-1011,15.06764705882353,28,11,0.39285714285714285
19-1012.00,19-1012,15.64757033248082,23,13,0.5652173913043478
19-1013.00,19-1013,15.305228758169937,36,11,0.3055555555555556
19-1021.00,19-1021,17.13392425463336,73,15,0.2054794520547945
19-1022.00,19-1022,15.673202614379084,45,8,0.17777777777777778
19-1023.00,19-1023,12.7520697167756,27,12,0.4444444444444444
19-1029.01,19-1029,21.870337922403003,94,49,0.5212765957446809
19-1029.02,19-1029,16.95695187165775,44,11,0.25
19-1029.03,19-1029,16.83300653594771,36,16,0.4444444444444444
19-1029.04,19-1029,18.384107327141383,57,17,0.2982456140350877
19-1031.00,19-1031,14.399396681749623,39,11,0.28205128205128205
19-1031.02,19-1031,15.596732026143789,54,18,0.3333333333333333
19-1031.03,19-1031,11.372549019607844,15,8,0.5333333333333333
19-1032.00,19-1032,9.898930481283422,22,8,0.36363636363636365
19-1041.00,19-1041,15.479679144385027,44,14,0.3181818181818182
19-1042.00,19-1042,16.563558106169296,41,16,0.3902439024390244
19-2011.00,19-2011,18.49967320261438,36,14,0.3888888888888889
19-2012.00,19-2012,19.428298887122413,74,29,0.3918918918918919
19-2021.00,19-2021,17.647245564892625,63,19,0.30158730158730157
19-2031.00,19-2031,17.202417405318293,73,14,0.1917808219178082
19-2032.00,19-2032,17.41685214626391,37,9,0.24324324324324326
19-2041.00,19-2041,14.886764705882355,64,17,0.265625
19-2041.01,19-2041,17.176470588235297,25,13,0.52
19-2041.02,19-2041,14.048366013071895,27,17,0.6296296296296297
19-2041.03,19-2041,18.14296675191816,46,29,0.6304347826086957
19-2042.00,19-2042,19.323198011599004,142,17,0.11971830985915492
19-2043.00,19-2043,20.51425339366516,156,15,0.09615384615384616
19-2099.01,19-2099,19.132055518836747,89,58,0.651685393258427
19-3011.00,19-3011,17.792156862745102,51,22,0.43137254901960786
19-3011.01,19-3011,18.789915966386552,35,20,0.5714285714285714
19-3022.00,19-3022,16.754621848739497,98,22,0.22448979591836735
19-3032.00,19-3032,15.502636916835701,29,14,0.4827586206896552
19-3033.00,19-3033,6.436308316430021,58,10,0.1724137931034483
19-3034.00,19-3034,10.245098039215685,30,5,0.16666666666666666
19-3039.02,19-3039,7.386700767263426,23,5,0.21739130434782608
19-3039.03,19-3039,7.1716577540106945,22,5,0.22727272727272727
19-3041.00,19-3041,13.882352941176471,40,18,0.45
19-3051.00,19-3051,14.369607843137256,84,24,0.2857142857142857
19-3091.00,19-3091,13.793419740777665,59,20,0.3389830508474576
19-3092.00,19-3092,11.729679144385027,44,13,0.29545454545454547
19-3093.00,19-3093,9.87133917396746,47,14,0.2978723404255319
19-3094.00,19-3094,13.632352941176473,40,16,0.4
19-3099.01,19-3099,16.619327731092437,42,21,0.5
19-4012.00,19-4012,11.69044117647059,16,7,0.4375
19-4012.01,19-4012,10.647570332480818,23,8,0.34782608695652173
19-4013.00,19-4013,12.587745098039216,24,11,0.4583333333333333
19-4021.00,19-4021,14.58324420677362,33,11,0.3333333333333333
19-4031.00,19-4031,17.691176470588236,20,14,0.7
19-4042.00,19-4042,12.462032085561498,33,11,0.3333333333333333
19-4043.00,19-4043,12.110784313725489,36,10,0.2777777777777778
19-4044.00,19-4044,13.369187675070027,21,10,0.47619047619047616
19-4051.00,19-4051,12.00294117647059,16,8,0.5
19-4051.02,19-4051,13.902614379084966,18,10,0.5555555555555556
19-4061.00,19-4061,17.916577540106953,33,23,0.696969696969697
19-4071.00,19-4071,11.024089635854342,42,9,0.21428571428571427
19-4092.00,19-4092,13.068382352941176,32,9,0.28125
19-4099.01,19-4099,13.67450980392157,51,23,0.45098039215686275
19-4099.03,19-4099,19.260061919504643,95,52,0.5473684210526316
19-5011.00,19-5011,12.587745098039216,24,11,0.4583333333333333
19-5012.00,19-5012,11.262566844919785,22,8,0.36363636363636365
21-1011.00,21-1011,6.297533206831119,31,5,0.16129032258064516
21-1012.00,21-1012,11.555203619909502,78,14,0.1794871794871795
21-1013.00,21-1013,6.037132352941176,32,9,0.28125
21-1014.00,21-1014,11.299744245524296,23,8,0.34782608695652173
21-1015.00,21-1015,6.942694497153699,31,5,0.16129032258064516
21-1021.00,21-1021,11.470588235294116,10,6,0.6
21-1022.00,21-1022,7.078431372549019,30,7,0.23333333333333334
21-1023.00,21-1023,7.954298642533936,26,7,0.2692307692307692
21-1091.00,21-1091,10.212787723785166,23,10,0.43478260869565216
21-1092.00,21-1092,7.99938080495356,19,7,0.3684210526315789
21-1093.00,21-1093,10.227149321266968,13,7,0.5384615384615384
21-1094.00,21-1094,13.158823529411764,14,9,0.6428571428571429
21-2011.00,21-2011,9.314705882352941,12,6,0.5
21-2021.00,21-2021,10.630959752321981,19,10,0.5263157894736842
23-1011.00,23-1011,13.968596572487263,127,11,0.08661417322834646
23-1012.00,23-1012,7.944117647058824,36,9,0.25
23-1021.00,23-1021,11.124836601307189,18,9,0.5
23-1022.00,23-1022,14.230252100840337,14,10,0.7142857142857143
23-1023.00,23-1023,8.624836601307189,18,6,0.3333333333333333
23-2011.00,23-2011,12.13357100415924,99,13,0.13131313131313133
23-2093.00,23-2093,11.270588235294118,27,10,0.37037037037037035
25-1011.00,25-1011,8.849632352941175,32,10,0.3125
25-1021.00,25-1021,13.206951871657754,44,18,0.4090909090909091
25-1022.00,25-1022,10.900217864923748,27,11,0.4074074074074074
25-1031.00,25-1031,12.44613003095975,38,14,0.3684210526315789
25-1032.00,25-1032,13.219607843137254,33,16,0.48484848484848486
25-1041.00,25-1041,7.171078431372549,24,7,0.2916666666666667
25-1042.00,25-1042,11.656656346749225,38,9,0.23684210526315788
25-1043.00,25-1043,11.6060413354531,37,18,0.4864864864864865
25-1051.00,25-1051,13.15294117647059,50,11,0.22
25-1052.00,25-1052,9.889075630252101,28,6,0.21428571428571427
25-1053.00,25-1053,8.376470588235295,25,10,0.4
25-1054.00,25-1054,14.01253196930946,46,11,0.2391304347826087
25-1061.00,25-1061,8.916339869281046,36,13,0.3611111111111111
25-1062.00,25-1062,6.962745098039217,24,7,0.2916666666666667
25-1063.00,25-1063,12.50735294117647,40,11,0.275
25-1064.00,25-1064,9.0025824964132,41,10,0.24390243902439024
25-1065.00,25-1065,9.985395537525354,29,8,0.27586206896551724
25-1066.00,25-1066,11.729923273657288,46,10,0.21739130434782608
25-1067.00,25-1067,11.881947261663287,29,10,0.3448275862068966
25-1071.00,25-1071,7.504201680672268,35,9,0.2571428571428571
25-1072.00,25-1072,6.54607843137255,24,7,0.2916666666666667
25-1081.00,25-1081,8.176470588235293,25,7,0.28
25-1082.00,25-1082,9.380910099889011,53,15,0.2830188679245283
25-1111.00,25-1111,7.6262032085561495,22,7,0.3181818181818182
25-1112.00,25-1112,6.349632352941176,32,6,0.1875
25-1113.00,25-1113,7.1911764705882355,20,7,0.35
25-1121.00,25-1121,11.244880174291938,54,19,0.35185185185185186
25-1122.00,25-1122,8.218487394957982,35,11,0.3142857142857143
25-1123.00,25-1123,7.58785578747628,31,8,0.25806451612903225
25-1124.00,25-1124,7.744016227180528,29,9,0.3103448275862069
25-1125.00,25-1125,7.169309462915602,23,7,0.30434782608695654
25-1126.00,25-1126,7.171078431372549,24,6,0.25
25-1192.00,25-1192,7.178711484593838,21,7,0.3333333333333333
25-1193.00,25-1193,7.379411764705882,24,8,0.3333333333333333
25-1194.00,25-1194,5.900217864923747,27,6,0.2222222222222222
25-2011.00,25-2011,3.4411764705882355,20,3,0.15
25-2012.00,25-2012,8.75686274509804,9,5,0.5555555555555556
25-2021.00,25-2021,6.245098039215686,30,7,0.23333333333333334
25-2022.00,25-2022,7.07563025210084,35,10,0.2857142857142857
25-2023.00,25-2023,20.350980392156863,96,71,0.7395833333333334
25-2031.00,25-2031,7.79607843137255,24,5,0.20833333333333334
25-2032.00,25-2032,6.73452685421995,23,7,0.30434782608695654
25-2051.00,25-2051,9.073303167420816,13,5,0.38461538461538464
25-2055.00,25-2055,6.489839572192513,22,5,0.22727272727272727
25-2056.00,25-2056,6.489839572192513,22,5,0.22727272727272727
25-2057.00,25-2057,6.08235294117647,23,6,0.2608695652173913
25-2058.00,25-2058,10.988235294117645,21,12,0.5714285714285714
25-2059.01,25-2059,11.881283422459893,11,6,0.5454545454545454
25-3011.00,25-3011,8.989839572192514,22,10,0.45454545454545453
25-3021.00,25-3021,9.444385026737967,22,8,0.36363636363636365
25-3031.00,25-3031,3.873109243697479,14,3,0.21428571428571427
25-3041.00,25-3041,6.754411764705883,24,6,0.25
25-4011.00,25-4011,13.693382352941175,32,13,0.40625
25-4012.00,25-4012,15.75166240409207,46,21,0.45652173913043476
25-4013.00,25-4013,15.84705882352941,18,12,0.6666666666666666
25-4022.00,25-4022,13.30347271438696,83,27,0.3253012048192771
25-4031.00,25-4031,10.57843137254902,30,11,0.36666666666666664
25-9021.00,25-9021,11.682352941176472,17,10,0.5882352941176471
25-9031.00,25-9031,10.675267379679145,88,23,0.26136363636363635
25-9042.00,25-9042,5.411764705882353,30,5,0.16666666666666666
25-9043.00,25-9043,5.652371916508538,31,5,0.16129032258064516
25-9044.00,25-9044,9.898930481283424,22,10,0.45454545454545453
27-1011.00,27-1011,14.177828054298642,52,24,0.46153846153846156
27-1012.00,27-1012,10.56470588235294,12,1,0.08333333333333333
27-1013.00,27-1013,14.946947835738067,53,19,0.3584905660377358
27-1014.00,27-1014,18.047332421340627,129,28,0.21705426356589147
27-1021.00,27-1021,16.62732447817837,62,30,0.4838709677419355
27-1022.00,27-1022,16.537119675456392,29,14,0.4827586206896552
27-1023.00,27-1023,7.919457013574662,13,6,0.46153846153846156
27-1024.00,27-1024,16.106485671191553,78,36,0.46153846153846156
27-1025.00,27-1025,15.847464503042596,29,14,0.4827586206896552
27-1026.00,27-1026,14.176470588235295,25,14,0.56
27-1027.00,27-1027,18.22875816993464,45,31,0.6888888888888889
27-2011.00,27-2011,8.441176470588236,20,9,0.45
27-2012.00,27-2012,11.536996904024768,76,33,0.4342105263157895
27-2012.03,27-2012,11.376470588235293,25,13,0.52
27-2012.04,27-2012,13.691176470588234,20,11,0.55
27-2012.05,27-2012,13.367182662538701,38,21,0.5526315789473685
27-2021.00,27-2021,12.231372549019609,12,7,0.5833333333333334
27-2022.00,27-2022,7.604524886877828,39,8,0.20512820512820512
27-2023.00,27-2023,11.426737967914438,11,6,0.5454545454545454
27-2031.00,27-2031,6.814705882352942,12,4,0.3333333333333333
27-2032.00,27-2032,8.87310924369748,14,6,0.42857142857142855
27-2041.00,27-2041,5.20984952120383,86,5,0.05813953488372093
27-2042.00,27-2042,5.430179028132992,23,5,0.21739130434782608
27-2091.00,27-2091,6.23529411764706,5,2,0.4
27-3011.00,27-3011,10.8,17,6,0.35294117647058826
27-3023.00,27-3023,10.100143472022955,41,14,0.34146341463414637
27-3031.00,27-3031,12.003148301574152,71,28,0.39436619718309857
27-3041.00,27-3041,11.563865546218487,56,23,0.4107142857142857
27-3042.00,27-3042,15.946810273405138,71,35,0.49295774647887325
27-3043.00,27-3043,11.337472766884533,54,27,0.5
27-3043.05,27-3043,8.932773109243698,35,11,0.3142857142857143
27-3091.00,27-3091,6.455773420479302,27,7,0.25925925925925924
27-3092.00,27-3092,7.976470588235293,25,2,0.08
27-4011.00,27-4011,12.176470588235293,25,15,0.6
27-4012.00,27-4012,12.17107843137255,24,13,0.5416666666666666
27-4014.00,27-4014,12.188235294117646,34,17,0.5
27-4015.00,27-4015,12.648039215686275,12,7,0.5833333333333334
27-4021.00,27-4021,11.647058823529413,35,13,0.37142857142857144
27-4031.00,27-4031,10.353475935828877,22,10,0.45454545454545453
27-4032.00,27-4032,10.119554848966613,37,14,0.3783783783783784
29-1011.00,29-1011,3.8058823529411763,34,4,0.11764705882352941
29-1021.00,29-1021,3.5240896358543417,42,4,0.09523809523809523
29-1022.00,29-1022,8.244919786096256,11,0,0.0
29-1023.00,29-1023,4.789106753812636,27,2,0.07407407407407407
29-1024.00,29-1024,3.515966386554622,14,2,0.14285714285714285
29-1031.00,29-1031,11.894117647058824,34,5,0.14705882352941177
29-1041.00,29-1041,5.087745098039216,24,5,0.20833333333333334
29-1051.00,29-1051,9.343222506393861,23,9,0.391304347826087
29-1071.00,29-1071,6.420433436532508,19,7,0.3684210526315789
29-1071.01,29-1071,5.245098039215686,30,7,0.23333333333333334
29-1081.00,29-1081,5.970588235294118,10,2,0.2
29-1122.00,29-1122,5.3052287581699344,36,5,0.1388888888888889
29-1122.01,29-1122,13.863180827886712,27,15,0.5555555555555556
29-1123.00,29-1123,5.9411764705882355,20,6,0.3
29-1124.00,29-1124,6.1911764705882355,20,6,0.3
29-1125.00,29-1125,6.730252100840336,14,5,0.35714285714285715
29-1126.00,29-1126,10.063101604278076,11,7,0.6363636363636364
29-1127.00,29-1127,5.900217864923748,27,4,0.14814814814814814
29-1128.00,29-1128,12.251470588235296,8,6,0.75
29-1129.01,29-1129,15.104643962848296,19,14,0.7368421052631579
29-1129.02,29-1129,3.9008403361344532,7,1,0.14285714285714285
29-1131.00,29-1131,7.441176470588235,20,7,0.35
29-1141.00,29-1141,7.837482900136799,43,16,0.37209302325581395
29-1141.01,29-1141,7.171078431372549,24,9,0.375
29-1141.02,29-1141,5.5026369168357,29,6,0.20689655172413793
29-1141.03,29-1141,3.677995642701525,27,5,0.18518518518518517
29-1141.04,29-1141,5.296078431372549,24,6,0.25
29-1151.00,29-1151,3.0807486631016046,22,4,0.18181818181818182
29-1161.00,29-1161,3.256265984654732,23,4,0.17391304347826086
29-1171.00,29-1171,6.245098039215686,30,10,0.3333333333333333
29-1181.00,29-1181,4.985395537525355,29,7,0.2413793103448276
29-1211.00,29-1211,6.680392156862745,18,7,0.3888888888888889
29-1212.00,29-1212,6.807843137254902,3,2,0.6666666666666666
29-1213.00,29-1213,4.0058823529411764,32,6,0.1875
29-1214.00,29-1214,10.094117647058825,2,2,1.0
29-1215.00,29-1215,3.9764705882352946,25,5,0.2
29-1216.00,29-1216,4.300452488687783,26,5,0.19230769230769232
29-1217.00,29-1217,4.295740365111563,29,6,0.20689655172413793
29-1218.00,29-1218,4.444385026737968,22,5,0.22727272727272727
29-1221.00,29-1221,3.941176470588236,20,4,0.2
29-1222.00,29-1222,5.927450980392156,102,5,0.049019607843137254
29-1223.00,29-1223,5.168500948766604,31,7,0.22580645161290322
29-1224.00,29-1224,4.085861713106295,57,5,0.08771929824561403
29-1229.01,29-1229,5.809653092006033,39,6,0.15384615384615385
29-1229.02,29-1229,5.847058823529412,18,6,0.3333333333333333
29-1229.03,29-1229,4.787132352941177,32,7,0.21875
29-1229.04,29-1229,2.3773755656108597,26,2,0.07692307692307693
29-1229.05,29-1229,15.5026369168357,29,8,0.27586206896551724
29-1229.06,29-1229,4.280213903743316,33,5,0.15151515151515152
29-1241.00,29-1241,3.531221719457014,26,3,0.11538461538461539
29-1242.00,29-1242,4.731372549019608,12,3,0.25
29-1243.00,29-1243,4.731372549019608,12,3,0.25
29-1291.00,29-1291,7.150226244343892,13,5,0.38461538461538464
29-1292.00,29-1292,4.578328173374613,19,4,0.21052631578947367
29-1299.01,29-1299,2.087394957983193,14,1,0.07142857142857142
29-1299.02,29-1299,5.148039215686275,12,3,0.25
29-2011.00,29-2011,6.0312217194570135,26,7,0.2692307692307692
29-2011.01,29-2011,15.83891402714932,26,8,0.3076923076923077
29-2011.02,29-2011,3.5019607843137255,39,5,0.1282051282051282
29-2011.04,29-2011,8.898039215686275,12,6,0.5
29-2012.00,29-2012,7.765062388591801,33,8,0.24242424242424243
29-2012.01,29-2012,8.898039215686275,12,6,0.5
29-2031.00,29-2031,8.262538699690403,19,6,0.3157894736842105
29-2032.00,29-2032,7.335828877005349,11,4,0.36363636363636365
29-2033.00,29-2033,8.970588235294116,10,6,0.6
29-2034.00,29-2034,5.647570332480819,23,7,0.30434782608695654
29-2035.00,29-2035,6.398039215686276,12,5,0.4166666666666667
29-2036.00,29-2036,11.8078431372549,3,2,0.6666666666666666
29-2042.00,29-2042,4.7977591036414555,21,5,0.23809523809523808
29-2043.00,29-2043,6.337745098039216,24,8,0.3333333333333333
29-2051.00,29-2051,11.881947261663287,29,7,0.2413793103448276
29-2052.00,29-2052,7.209907120743034,19,6,0.3157894736842105
29-2053.00,29-2053,5.227149321266969,13,4,0.3076923076923077
29-2055.00,29-2055,7.270588235294118,17,5,0.29411764705882354
29-2056.00,29-2056,10.227149321266968,13,6,0.46153846153846156
29-2057.00,29-2057,6.730252100840336,14,5,0.35714285714285715
29-2061.00,29-2061,6.317647058823531,28,9,0.32142857142857145
29-2072.00,29-2072,10.854160042395335,111,24,0.21621621621621623
29-2081.00,29-2081,5.291503267973856,18,4,0.2222222222222222
29-2091.00,29-2091,9.603921568627449,27,7,0.25925925925925924
29-2092.00,29-2092,11.043697478991596,7,5,0.7142857142857143
29-2099.01,29-2099,8.525696594427243,19,7,0.3684210526315789
29-2099.05,29-2099,10.441176470588234,20,7,0.35
29-2099.08,29-2099,8.007352941176471,40,13,0.325
29-9021.00,29-9021,10.854160042395335,111,23,0.2072072072072072
29-9091.00,29-9091,9.329411764705883,17,5,0.29411764705882354
29-9092.00,29-9092,7.376470588235294,25,6,0.24
29-9093.00,29-9093,5.972192513368984,11,4,0.36363636363636365
29-9099.01,29-9099,11.398039215686277,12,6,0.5
31-1121.00,31-1121,14.083473389355744,21,14,0.6666666666666666
31-1122.00,31-1122,3.470588235294118,10,1,0.1
31-1131.00,31-1131,6.680392156862745,18,7,0.3888888888888889
31-1132.00,31-1132,9.615126050420168,7,4,0.5714285714285714
31-1133.00,31-1133,12.876470588235295,8,6,0.75
31-2011.00,31-2011,7.011446740858504,37,9,0.24324324324324326
31-2012.00,31-2012,10.51764705882353,11,7,0.6363636363636364
31-2021.00,31-2021,6.401426024955437,33,8,0.24242424242424243
31-2022.00,31-2022,8.970588235294116,10,6,0.6
31-9011.00,31-9011,4.470588235294118,10,2,0.2
31-9091.00,31-9091,5.517647058823529,11,3,0.2727272727272727
31-9092.00,31-9092,8.21764705882353,34,11,0.3235294117647059
31-9093.00,31-9093,8.788854489164086,19,9,0.47368421052631576
31-9094.00,31-9094,7.637296620775971,47,9,0.19148936170212766
31-9095.00,31-9095,13.201307189542483,9,6,0.6666666666666666
31-9096.00,31-9096,8.304072398190046,13,6,0.46153846153846156
31-9097.00,31-9097,7.44453781512605,14,6,0.42857142857142855
31-9099.01,31-9099,7.473065015479875,19,4,0.21052631578947367
31-9099.02,31-9099,9.751470588235295,8,5,0.625
33-1011.00,33-1011,13.470588235294118,10,6,0.6
33-1012.00,33-1012,11.129411764705882,24,8,0.3333333333333333
33-1021.00,33-1021,9.776470588235295,25,6,0.24
33-1091.00,33-1091,12.790374331550803,11,6,0.5454545454545454
33-2011.00,33-2011,11.388235294117647,17,7,0.4117647058823529
33-2021.00,33-2021,12.534841628959276,13,6,0.46153846153846156
33-2022.00,33-2022,15.06764705882353,28,22,0.7857142857142857
33-3011.00,33-3011,11.680392156862746,18,8,0.4444444444444444
33-3012.00,33-3012,13.515966386554624,14,8,0.5714285714285714
33-3021.00,33-3021,12.182972136222912,38,11,0.2894736842105263
33-3021.02,33-3021,13.146606334841628,26,9,0.34615384615384615
33-3021.06,33-3021,15.857703081232494,84,36,0.42857142857142855
33-3031.00,33-3031,9.842533936651584,13,6,0.46153846153846156
33-3041.00,33-3041,13.158823529411764,14,7,0.5
33-3051.00,33-3051,10.781932773109244,28,8,0.2857142857142857
33-3051.04,33-3051,12.231372549019609,12,6,0.5
33-3052.00,33-3052,11.01596638655462,14,6,0.42857142857142855
33-9011.00,33-9011,11.944385026737967,22,10,0.45454545454545453
33-9021.00,33-9021,12.03921568627451,15,8,0.5333333333333333
33-9031.00,33-9031,13.501470588235293,8,5,0.625
33-9032.00,33-9032,7.790374331550802,11,5,0.45454545454545453
33-9091.00,33-9091,5.141176470588235,3,1,0.3333333333333333
33-9092.00,33-9092,11.949019607843137,6,4,0.6666666666666666
33-9093.00,33-9093,10.981372549019607,12,7,0.5833333333333334
33-9094.00,33-9094,12.594117647058823,2,1,0.5
33-9099.02,33-9099,14.03921568627451,15,8,0.5333333333333333
35-1011.00,35-1011,11.376470588235293,25,7,0.28
35-1012.00,35-1012,6.075630252100841,35,7,0.2
35-2011.00,35-2011,6.001470588235295,8,3,0.375
35-2012.00,35-2012,8.201307189542483,9,2,0.2222222222222222
35-2013.00,35-2013,5.470588235294118,10,2,0.2
35-2014.00,35-2014,8.470588235294118,10,5,0.5
35-2015.00,35-2015,0.2823529411764706,6,0,0.0
35-2021.00,35-2021,10.039215686274511,15,2,0.13333333333333333
35-3011.00,35-3011,3.898039215686275,12,2,0.16666666666666666
35-3023.00,35-3023,6.124836601307189,18,5,0.2777777777777778
35-3023.01,35-3023,9.235294117647058,5,3,0.6
35-3031.00,35-3031,1.4267379679144387,11,1,0.09090909090909091
35-3041.00,35-3041,12.251470588235295,8,4,0.5
35-9011.00,35-9011,7.7823529411764705,6,3,0.5
35-9021.00,35-9021,15.094117647058825,2,2,1.0
35-9031.00,35-9031,9.60855614973262,11,4,0.36363636363636365
37-1011.00,37-1011,10.8,17,9,0.5294117647058824
37-1012.00,37-1012,10.97908496732026,9,6,0.6666666666666666
37-2011.00,37-2011,10.329411764705881,7,4,0.5714285714285714
37-2012.00,37-2012,5.9790849673202615,9,3,0.3333333333333333
37-2021.00,37-2021,8.481372549019609,12,5,0.4166666666666667
37-3011.00,37-3011,13.615686274509805,6,5,0.8333333333333334
37-3012.00,37-3012,11.97058823529412,10,5,0.5
37-3013.00,37-3013,13.938235294117648,4,4,1.0
39-1013.00,39-1013,13.756862745098038,9,7,0.7777777777777778
39-1014.00,39-1014,8.470588235294118,10,5,0.5
39-1022.00,39-1022,8.470588235294118,10,5,0.5
39-2011.00,39-2011,14.03529411764706,17,13,0.7647058823529411
39-2021.00,39-2021,10.505882352941178,17,6,0.35294117647058826
39-3011.00,39-3011,13.615686274509805,6,5,0.8333333333333334
39-3012.00,39-3012,12.472268907563025,7,5,0.7142857142857143
39-3021.00,39-3021,14.073303167420814,13,8,0.6153846153846154
39-3031.00,39-3031,11.001470588235296,8,5,0.625
39-3091.00,39-3091,11.970588235294116,10,6,0.6
39-3092.00,39-3092,11.043697478991596,7,4,0.5714285714285714
39-3093.00,39-3093,7.6457516339869285,9,4,0.4444444444444444
39-4011.00,39-4011,10.970588235294118,10,3,0.3
39-4012.00,39-4012,13.235294117647056,5,3,0.6
39-4021.00,39-4021,9.235294117647058,5,3,0.6
39-4031.00,39-4031,10.372549019607844,15,6,0.4
39-5011.00,39-5011,11.42673796791444,11,7,0.6363636363636364
39-5012.00,39-5012,9.970588235294118,10,6,0.6
39-5091.00,39-5091,8.845378151260503,21,6,0.2857142857142857
39-5092.00,39-5092,7.090196078431372,9,3,0.3333333333333333
39-5093.00,39-5093,4.23529411764706,5,1,0.2
39-5094.00,39-5094,12.782352941176473,6,4,0.6666666666666666
39-6011.00,39-6011,13.23529411764706,5,4,0.8
39-6012.00,39-6012,9.073303167420816,13,6,0.46153846153846156
39-7011.00,39-7011,8.762566844919787,22,9,0.4090909090909091
39-7012.00,39-7012,11.377941176470587,16,9,0.5625
39-9011.00,39-9011,3.970588235294118,10,2,0.2
39-9011.01,39-9011,7.235294117647059,5,2,0.4
39-9031.00,39-9031,7.853475935828877,22,6,0.2727272727272727
39-9032.00,39-9032,9.180392156862744,18,6,0.3333333333333333
39-9041.00,39-9041,10.564705882352941,12,6,0.5
41-1011.00,41-1011,11.20351841671248,107,30,0.2803738317757009
41-1012.00,41-1012,9.295740365111563,29,11,0.3793103448275862
41-2011.00,41-2011,7.790374331550802,11,3,0.2727272727272727
41-2012.00,41-2012,10.188235294117648,4,2,0.5
41-2021.00,41-2021,11.470588235294116,10,6,0.6
41-2022.00,41-2022,10.996380090497738,13,7,0.5384615384615384
41-2031.00,41-2031,9.667014147431125,79,23,0.2911392405063291
41-3011.00,41-3011,14.254411764705882,24,16,0.6666666666666666
41-3021.00,41-3021,11.95891132572432,67,10,0.14925373134328357
41-3031.00,41-3031,10.35310233682514,73,20,0.273972602739726
41-3041.00,41-3041,9.295740365111563,29,9,0.3103448275862069
41-3091.00,41-3091,14.944537815126052,14,11,0.7857142857142857
41-4011.00,41-4011,12.406672519754169,67,26,0.3880597014925373
41-4011.07,41-4011,13.902614379084968,18,13,0.7222222222222222
41-4012.00,41-4012,13.940258656654153,141,44,0.3120567375886525
41-9011.00,41-9011,11.03921568627451,15,8,0.5333333333333333
41-9012.00,41-9012,8.304072398190046,13,6,0.46153846153846156
41-9021.00,41-9021,12.61354723707665,33,11,0.3333333333333333
41-9022.00,41-9022,8.897478991596639,98,15,0.15306122448979592
41-9031.00,41-9031,17.090479078229233,97,49,0.5051546391752577
41-9041.00,41-9041,7.444537815126051,14,7,0.5
41-9091.00,41-9091,9.235294117647058,5,3,0.6
43-1011.00,43-1011,11.6039656311963,89,27,0.30337078651685395
43-2011.00,43-2011,14.154010695187166,11,8,0.7272727272727273
43-2021.00,43-2021,11.426737967914438,11,6,0.5454545454545454
43-3011.00,43-3011,6.674692202462381,43,9,0.20930232558139536
43-3021.00,43-3021,9.386640079760717,59,13,0.22033898305084745
43-3031.00,43-3031,11.066018473505105,121,20,0.1652892561983471
43-3041.00,43-3041,12.472268907563025,7,5,0.7142857142857143
43-3051.00,43-3051,8.078314310798946,67,12,0.1791044776119403
43-3061.00,43-3061,14.99539641943734,23,12,0.5217391304347826
43-3071.00,43-3071,10.367801857585139,19,7,0.3684210526315789
43-4011.00,43-4011,11.458823529411765,31,16,0.5161290322580645
43-4021.00,43-4021,12.858823529411767,17,10,0.5882352941176471
43-4031.00,43-4031,9.578328173374612,19,8,0.42105263157894735
43-4041.00,43-4041,10.84705882352941,18,10,0.5555555555555556
43-4051.00,43-4051,10.937116085372203,113,27,0.23893805309734514
43-4061.00,43-4061,10.01372549019608,18,8,0.4444444444444444
43-4071.00,43-4071,11.705882352941178,15,10,0.6666666666666666
43-4081.00,43-4081,9.190441176470587,16,7,0.4375
43-4111.00,43-4111,9.462745098039216,24,9,0.375
43-4121.00,43-4121,11.464425770308122,21,10,0.47619047619047616
43-4131.00,43-4131,8.369187675070028,21,8,0.38095238095238093
43-4141.00,43-4141,9.052012383900928,19,5,0.2631578947368421
43-4151.00,43-4151,12.441176470588236,20,10,0.5
43-4161.00,43-4161,8.148923959827833,41,11,0.2682926829268293
43-4171.00,43-4171,8.392826398852224,41,9,0.21951219512195122
43-4181.00,43-4181,10.441176470588236,20,6,0.3
43-5011.00,43-5011,8.788854489164086,19,6,0.3157894736842105
43-5011.01,43-5011,7.376470588235294,25,6,0.24
43-5021.00,43-5021,12.235294117647062,5,4,0.8
43-5031.00,43-5031,10.847058823529412,18,8,0.4444444444444444
43-5032.00,43-5032,8.504201680672269,35,10,0.2857142857142857
43-5041.00,43-5041,9.230252100840335,14,7,0.5
43-5051.00,43-5051,4.751470588235295,8,1,0.125
43-5052.00,43-5052,9.60855614973262,11,3,0.2727272727272727
43-5053.00,43-5053,9.917647058823528,17,7,0.4117647058823529
43-5061.00,43-5061,11.604380475594494,94,20,0.2127659574468085
43-5071.00,43-5071,6.999759903961585,49,6,0.12244897959183673
43-5111.00,43-5111,12.853475935828879,22,8,0.36363636363636365
43-6011.00,43-6011,12.278063725490195,96,27,0.28125
43-6012.00,43-6012,8.062828535669587,47,9,0.19148936170212766
43-6013.00,43-6013,7.831674208144795,52,13,0.25
43-6014.00,43-6014,15.529946524064172,132,49,0.3712121212121212
43-9021.00,43-9021,10.838914027149322,26,10,0.38461538461538464
43-9022.00,43-9022,12.416806722689074,21,13,0.6190476190476191
43-9031.00,43-9031,15.403063725490195,96,31,0.3229166666666667
43-9041.00,43-9041,9.468154158215011,29,7,0.2413793103448276
43-9051.00,43-9051,12.087394957983193,14,8,0.5714285714285714
43-9061.00,43-9061,11.490196078431373,60,20,0.3333333333333333
43-9071.00,43-9071,15.301680672268908,14,11,0.7857142857142857
43-9081.00,43-9081,10.119554848966613,37,14,0.3783783783783784
43-9111.00,43-9111,17.056010230179027,46,22,0.4782608695652174
45-1011.00,45-1011,8.212745098039214,24,6,0.25
45-2011.00,45-2011,12.970588235294118,10,6,0.6
45-2021.00,45-2021,14.671657754010697,22,12,0.5454545454545454
45-2041.00,45-2041,16.001470588235296,8,7,0.875
45-2091.00,45-2091,12.78235294117647,6,3,0.5
45-2092.00,45-2092,10.970588235294118,10,5,0.5
45-2093.00,45-2093,10.97908496732026,9,3,0.3333333333333333
45-3031.00,45-3031,7.91945701357466,13,2,0.15384615384615385
45-4011.00,45-4011,10.752941176470591,16,9,0.5625
45-4021.00,45-4021,10.611764705882354,13,5,0.38461538461538464
45-4022.00,45-4022,12.251470588235295,8,5,0.625
45-4023.00,45-4023,13.688687782805431,13,8,0.6153846153846154
47-1011.00,47-1011,10.504411764705884,24,10,0.4166666666666667
47-1011.03,47-1011,13.745098039215687,30,16,0.5333333333333333
47-2011.00,47-2011,16.534640522875815,9,7,0.7777777777777778
47-2021.00,47-2021,9.470588235294118,10,4,0.4
47-2022.00,47-2022,13.304072398190044,13,6,0.46153846153846156
47-2031.00,47-2031,6.68235294117647,17,5,0.29411764705882354
47-2041.00,47-2041,8.705882352941178,15,4,0.26666666666666666
47-2042.00,47-2042,7.150226244343891,13,2,0.15384615384615385
47-2043.00,47-2043,7.251470588235294,8,1,0.125
47-2044.00,47-2044,12.790374331550803,11,6,0.5454545454545454
47-2051.00,47-2051,6.470588235294117,10,0,0.0
47-2053.00,47-2053,7.876470588235295,8,3,0.375
47-2061.00,47-2061,16.757983193277312,7,7,1.0
47-2071.00,47-2071,9.154010695187166,11,4,0.36363636363636365
47-2072.00,47-2072,11.115686274509804,6,1,0.16666666666666666
47-2073.00,47-2073,11.115686274509804,6,4,0.6666666666666666
47-2081.00,47-2081,6.426737967914438,11,3,0.2727272727272727
47-2082.00,47-2082,6.626470588235295,8,3,0.375
47-2111.00,47-2111,13.068092691622105,33,8,0.24242424242424243
47-2121.00,47-2121,11.043697478991596,7,3,0.42857142857142855
47-2131.00,47-2131,12.876470588235295,8,4,0.5
47-2132.00,47-2132,10.235294117647058,5,0,0.0
47-2141.00,47-2141,9.230252100840335,14,4,0.2857142857142857
47-2142.00,47-2142,7.470588235294118,10,3,0.3
47-2151.00,47-2151,10.188235294117648,4,2,0.5
47-2152.00,47-2152,11.895424836601308,45,5,0.1111111111111111
47-2152.04,47-2152,13.845378151260505,21,11,0.5238095238095238
47-2161.00,47-2161,9.941176470588234,20,6,0.3
47-2171.00,47-2171,6.1156862745098035,6,0,0.0
47-2181.00,47-2181,13.691048593350382,23,4,0.17391304347826086
47-2211.00,47-2211,11.940616246498598,21,5,0.23809523809523808
47-2221.00,47-2221,5.2823529411764705,6,1,0.16666666666666666
47-2231.00,47-2231,11.470588235294116,10,6,0.6
47-3011.00,47-3011,10.988235294117645,21,9,0.42857142857142855
47-3012.00,47-3012,12.398930481283424,22,14,0.6363636363636364
47-3013.00,47-3013,12.23529411764706,5,2,0.4
47-3014.00,47-3014,4.154010695187166,11,2,0.18181818181818182
47-3015.00,47-3015,15.141176470588235,3,3,1.0
47-3016.00,47-3016,12.648039215686275,12,0,0.0
47-4011.00,47-4011,9.128698752228164,33,10,0.30303030303030304
47-4011.01,47-4011,18.678991596638657,63,23,0.36507936507936506
47-4021.00,47-4021,11.626470588235293,8,3,0.375
47-4031.00,47-4031,11.115686274509804,6,3,0.5
47-4041.00,47-4041,11.705882352941176,15,7,0.4666666666666667
47-4051.00,47-4051,11.534640522875819,9,5,0.5555555555555556
47-4061.00,47-4061,11.438235294117648,4,2,0.5
47-4071.00,47-4071,7.472268907563024,7,3,0.42857142857142855
47-4091.00,47-4091,11.881283422459893,11,4,0.36363636363636365
47-4099.03,47-4099,13.372549019607844,15,9,0.6
47-5011.00,47-5011,15.141176470588235,3,3,1.0
47-5012.00,47-5012,13.064705882352943,12,6,0.5
47-5013.00,47-5013,10.51764705882353,11,6,0.5454545454545454
47-5022.00,47-5022,10.148039215686275,12,6,0.5
47-5023.00,47-5023,11.43823529411765,4,3,0.75
47-5032.00,47-5032,14.608556149732621,11,7,0.6363636363636364
47-5041.00,47-5041,9.312418300653594,9,4,0.4444444444444444
47-5043.00,47-5043,7.594117647058823,2,0,0.0
47-5044.00,47-5044,7.6457516339869285,9,4,0.4444444444444444
47-5051.00,47-5051,12.648039215686275,12,8,0.6666666666666666
47-5071.00,47-5071,10.941176470588236,20,8,0.4
47-5081.00,47-5081,15.282352941176471,6,5,0.8333333333333334
49-1011.00,49-1011,10.757352941176471,40,14,0.35
49-2011.00,49-2011,11.673202614379084,45,17,0.37777777777777777
49-2021.00,49-2021,11.705882352941176,15,7,0.4666666666666667
49-2022.00,49-2022,10.505882352941178,17,6,0.35294117647058826
49-2091.00,49-2091,16.08235294117647,23,12,0.5217391304347826
49-2092.00,49-2092,17.231372549019607,12,9,0.75
49-2093.00,49-2093,17.27058823529412,17,13,0.7647058823529411
49-2094.00,49-2094,10.8,17,5,0.29411764705882354
49-2095.00,49-2095,13.244919786096258,11,6,0.5454545454545454
49-2096.00,49-2096,13.898039215686275,12,4,0.3333333333333333
49-2097.00,49-2097,12.235294117647058,5,3,0.6
49-2098.00,49-2098,11.765610859728506,13,7,0.5384615384615384
49-3011.00,49-3011,9.685067873303165,26,7,0.2692307692307692
49-3021.00,49-3021,10.013725490196078,18,5,0.2777777777777778
49-3022.00,49-3022,11.235294117647058,5,2,0.4
49-3023.00,49-3023,9.005882352941176,32,6,0.1875
49-3031.00,49-3031,11.680392156862746,18,6,0.3333333333333333
49-3041.00,49-3041,11.001470588235293,8,4,0.5
49-3042.00,49-3042,8.97058823529412,10,4,0.4
49-3043.00,49-3043,10.996380090497738,13,7,0.5384615384615384
49-3051.00,49-3051,13.470588235294118,10,5,0.5
49-3052.00,49-3052,10.063101604278074,11,5,0.45454545454545453
49-3053.00,49-3053,10.979084967320262,9,2,0.2222222222222222
49-3091.00,49-3091,9.312418300653595,9,3,0.3333333333333333
49-3092.00,49-3092,9.312418300653594,9,4,0.4444444444444444
49-3093.00,49-3093,9.449019607843137,6,3,0.5
49-9011.00,49-9011,12.090196078431372,9,6,0.6666666666666666
49-9012.00,49-9012,12.796078431372548,24,13,0.5416666666666666
49-9021.00,49-9021,9.07843137254902,30,8,0.26666666666666666
49-9031.00,49-9031,11.814705882352941,12,5,0.4166666666666667
49-9041.00,49-9041,8.87794117647059,16,6,0.375
49-9043.00,49-9043,11.37310924369748,14,6,0.42857142857142855
49-9044.00,49-9044,19.126470588235296,8,7,0.875
49-9045.00,49-9045,11.75798319327731,7,5,0.7142857142857143
49-9051.00,49-9051,10.227149321266968,13,6,0.46153846153846156
49-9052.00,49-9052,10.039215686274511,15,6,0.4
49-9061.00,49-9061,10.28235294117647,6,3,0.5
49-9062.00,49-9062,10.981372549019607,12,7,0.5833333333333334
49-9063.00,49-9063,15.470588235294116,10,0,0.0
49-9064.00,49-9064,9.608556149732621,11,5,0.45454545454545453
49-9071.00,49-9071,11.833006535947712,36,15,0.4166666666666667
49-9081.00,49-9081,11.06544117647059,16,8,0.5
49-9091.00,49-9091,10.329411764705881,7,4,0.5714285714285714
49-9092.00,49-9092,10.235294117647058,5,0,0.0
49-9094.00,49-9094,9.4579185520362,13,6,0.46153846153846156
49-9095.00,49-9095,8.474509803921567,3,1,0.3333333333333333
49-9096.00,49-9096,16.235294117647058,5,4,0.8
49-9097.00,49-9097,10.376470588235295,8,5,0.625
49-9098.00,49-9098,12.372549019607842,15,7,0.4666666666666667
49-9099.01,49-9099,14.073303167420814,13,6,0.46153846153846156
51-1011.00,51-1011,12.770072239422085,57,12,0.21052631578947367
51-2011.00,51-2011,12.970588235294118,10,5,0.5
51-2021.00,51-2021,8.474509803921567,3,0,0.0
51-2022.00,51-2022,12.335828877005348,11,5,0.45454545454545453
51-2023.00,51-2023,15.329411764705883,7,5,0.7142857142857143
51-2031.00,51-2031,15.376470588235296,8,5,0.625
51-2041.00,51-2041,14.470588235294118,10,4,0.4
51-2051.00,51-2051,11.235294117647058,5,2,0.4
51-2061.00,51-2061,7.7823529411764705,6,1,0.16666666666666666
51-2092.00,51-2092,15.517647058823531,11,7,0.6363636363636364
51-3011.00,51-3011,12.386700767263429,23,4,0.17391304347826086
51-3021.00,51-3021,11.115686274509804,6,4,0.6666666666666666
51-3022.00,51-3022,5.188235294117647,4,1,0.25
51-3023.00,51-3023,8.201307189542483,9,2,0.2222222222222222
51-3091.00,51-3091,10.094117647058823,2,1,0.5
51-3092.00,51-3092,10.141176470588235,3,1,0.3333333333333333
51-3093.00,51-3093,10.04705882352941,1,0,0.0
51-4021.00,51-4021,16.001470588235296,8,6,0.75
51-4022.00,51-4022,1.8078431372549018,3,0,0.0
51-4023.00,51-4023,5.094117647058823,2,0,0.0
51-4031.00,51-4031,12.470588235294116,10,6,0.6
51-4032.00,51-4032,11.949019607843137,6,4,0.6666666666666666
51-4033.00,51-4033,14.61512605042017,7,5,0.7142857142857143
51-4034.00,51-4034,6.235294117647058,5,0,0.0
51-4035.00,51-4035,13.25294117647059,16,6,0.375
51-4041.00,51-4041,11.504201680672269,35,8,0.22857142857142856
51-4051.00,51-4051,8.23529411764706,5,2,0.4
51-4052.00,51-4052,12.235294117647062,5,4,0.8
51-4061.00,51-4061,12.235294117647058,5,3,0.6
51-4062.00,51-4062,11.949019607843137,6,3,0.5
51-4071.00,51-4071,9.61512605042017,7,2,0.2857142857142857
51-4072.00,51-4072,10.470588235294118,10,5,0.5
51-4081.00,51-4081,15.063101604278078,11,7,0.6363636363636364
51-4111.00,51-4111,13.380882352941176,32,10,0.3125
51-4121.00,51-4121,14.073303167420814,13,5,0.38461538461538464
51-4122.00,51-4122,13.515966386554624,14,8,0.5714285714285714
51-4191.00,51-4191,16.949019607843137,6,5,0.8333333333333334
51-4192.00,51-4192,11.534640522875819,9,5,0.5555555555555556
51-4193.00,51-4193,12.472268907563025,7,4,0.5714285714285714
51-4194.00,51-4194,6.949019607843137,6,2,0.3333333333333333
51-5111.00,51-5111,12.011328976034859,27,10,0.37037037037037035
51-5112.00,51-5112,11.881947261663287,29,9,0.3103448275862069
51-5113.00,51-5113,9.154010695187166,11,4,0.36363636363636365
51-6011.00,51-6011,8.244919786096258,11,4,0.36363636363636365
51-6021.00,51-6021,11.8078431372549,3,2,0.6666666666666666
51-6031.00,51-6031,11.949019607843137,6,4,0.6666666666666666
51-6041.00,51-6041,3.2352941176470593,5,1,0.2
51-6042.00,51-6042,12.090196078431372,9,6,0.6666666666666666
51-6051.00,51-6051,13.699465240641711,11,5,0.45454545454545453
51-6052.00,51-6052,8.756862745098038,9,4,0.4444444444444444
51-6061.00,51-6061,16.626470588235293,8,7,0.875
51-6062.00,51-6062,16.626470588235293,8,7,0.875
51-6063.00,51-6063,12.782352941176473,6,5,0.8333333333333334
51-6064.00,51-6064,12.235294117647062,5,4,0.8
51-6091.00,51-6091,12.64575163398693,9,5,0.5555555555555556
51-6092.00,51-6092,17.64575163398693,9,7,0.7777777777777778
51-6093.00,51-6093,14.867973856209149,9,7,0.7777777777777778
51-7011.00,51-7011,13.186554621848739,7,4,0.5714285714285714
51-7021.00,51-7021,10.23529411764706,5,2,0.4
51-7031.00,51-7031,15.28235294117647,6,4,0.6666666666666666
51-7032.00,51-7032,12.876470588235295,8,4,0.5
51-7041.00,51-7041,11.75798319327731,7,5,0.7142857142857143
51-7042.00,51-7042,14.603921568627449,27,15,0.5555555555555556
51-8011.00,51-8011,13.06470588235294,12,8,0.6666666666666666
51-8012.00,51-8012,5.5026369168357,29,7,0.2413793103448276
51-8013.00,51-8013,7.937254901960783,27,7,0.25925925925925924
51-8013.03,51-8013,11.626470588235293,8,4,0.5
51-8013.04,51-8013,8.201307189542483,9,4,0.4444444444444444
51-8021.00,51-8021,11.958169934640523,18,7,0.3888888888888889
51-8031.00,51-8031,8.069281045751634,18,5,0.2777777777777778
51-8091.00,51-8091,6.75798319327731,7,3,0.42857142857142855
51-8092.00,51-8092,12.790374331550803,11,6,0.5454545454545454
51-8093.00,51-8093,7.472268907563024,7,3,0.42857142857142855
51-8099.01,51-8099,12.648039215686275,12,6,0.5
51-9011.00,51-9011,14.751470588235293,8,6,0.75
51-9012.00,51-9012,13.201307189542483,9,6,0.6666666666666666
51-9021.00,51-9021,12.472268907563025,7,4,0.5714285714285714
51-9022.00,51-9022,15.094117647058825,2,2,1.0
51-9023.00,51-9023,13.699465240641711,11,6,0.5454545454545454
51-9031.00,51-9031,15.141176470588235,3,3,1.0
51-9032.00,51-9032,17.68823529411765,4,4,1.0
51-9041.00,51-9041,14.61512605042017,7,5,0.7142857142857143
51-9051.00,51-9051,7.688235294117647,4,2,0.5
51-9061.00,51-9061,13.64313725490196,42,18,0.42857142857142855
51-9071.00,51-9071,11.380995475113123,13,6,0.46153846153846156
51-9071.06,51-9071,8.900840336134452,7,0,0.0
51-9081.00,51-9081,10.5026369168357,29,7,0.2413793103448276
51-9082.00,51-9082,12.648039215686275,12,5,0.4166666666666667
51-9083.00,51-9083,14.751470588235293,8,6,0.75
51-9111.00,51-9111,12.335828877005348,11,6,0.5454545454545454
51-9123.00,51-9123,14.235294117647058,5,3,0.6
51-9124.00,51-9124,5.972192513368984,11,4,0.36363636363636365
51-9141.00,51-9141,14.154010695187166,11,6,0.5454545454545454
51-9151.00,51-9151,17.976470588235298,25,19,0.76
51-9161.00,51-9161,8.198457087753134,61,9,0.14754098360655737
51-9162.00,51-9162,7.453740014524329,81,9,0.1111111111111111
51-9191.00,51-9191,16.949019607843137,6,5,0.8333333333333334
51-9192.00,51-9192,15.094117647058825,2,2,1.0
51-9193.00,51-9193,13.23529411764706,5,4,0.8
51-9194.00,51-9194,7.472268907563024,7,2,0.2857142857142857
51-9195.00,51-9195,10.470588235294118,10,5,0.5
51-9195.03,51-9195,7.7823529411764705,6,2,0.3333333333333333
51-9195.04,51-9195,7.688235294117647,4,2,0.5
51-9195.05,51-9195,10.141176470588235,3,2,0.6666666666666666
51-9196.00,51-9196,14.470588235294116,10,7,0.7
51-9197.00,51-9197,11.881283422459893,11,7,0.6363636363636364
51-9198.00,51-9198,18.064705882352943,12,10,0.8333333333333334
53-1041.00,53-1041,9.312418300653595,9,5,0.5555555555555556
53-1042.00,53-1042,11.388235294117646,17,8,0.47058823529411764
53-1042.01,53-1042,13.244919786096258,11,7,0.6363636363636364
53-1043.00,53-1043,5.647058823529412,35,7,0.2
53-1044.00,53-1044,9.035294117647059,17,7,0.4117647058823529
53-2011.00,53-2011,10.504411764705882,24,6,0.25
53-2012.00,53-2012,10.643850267379678,33,2,0.06060606060606061
53-2021.00,53-2021,8.691176470588236,20,8,0.4
53-2022.00,53-2022,13.576470588235296,25,14,0.56
53-2031.00,53-2031,8.481372549019609,12,6,0.5
53-3011.00,53-3011,9.126470588235295,8,4,0.5
53-3031.00,53-3031,5.9721925133689835,11,2,0.18181818181818182
53-3032.00,53-3032,8.941176470588236,20,6,0.3
53-3033.00,53-3033,5.6117647058823525,13,3,0.23076923076923078
53-3051.00,53-3051,8.474509803921567,3,1,0.3333333333333333
53-3052.00,53-3052,6.438235294117647,4,1,0.25
53-3053.00,53-3053,6.12483660130719,18,4,0.2222222222222222
53-3054.00,53-3054,6.705882352941177,15,4,0.26666666666666666
53-4011.00,53-4011,6.23529411764706,5,2,0.4
53-4013.00,53-4013,2.251470588235294,8,0,0.0
53-4022.00,53-4022,6.949019607843137,6,2,0.3333333333333333
53-4031.00,53-4031,6.015966386554623,14,5,0.35714285714285715
53-4041.00,53-4041,10.094117647058823,2,1,0.5
53-5011.00,53-5011,12.231372549019609,12,6,0.5
53-5021.00,53-5021,9.458169934640523,18,7,0.3888888888888889
53-5022.00,53-5022,4.751470588235295,8,0,0.0
53-5031.00,53-5031,11.717112299465242,22,11,0.5
53-6011.00,53-6011,13.756862745098038,9,6,0.6666666666666666
53-6021.00,53-6021,8.501470588235293,8,4,0.5
53-6031.00,53-6031,9.126470588235295,8,3,0.375
53-6032.00,53-6032,7.231372549019607,12,4,0.3333333333333333
53-6041.00,53-6041,16.192292089249495,29,18,0.6206896551724138
53-6051.00,53-6051,14.126470588235296,8,6,0.75
53-6051.01,53-6051,16.094117647058827,17,11,0.6470588235294118
53-6051.07,53-6051,13.039215686274511,15,6,0.4
53-6061.00,53-6061,9.449019607843137,6,3,0.5
53-7011.00,53-7011,8.900840336134452,7,3,0.42857142857142855
53-7021.00,53-7021,11.115686274509804,6,4,0.6666666666666666
53-7031.00,53-7031,2.7823529411764705,6,0,0.0
53-7041.00,53-7041,15.094117647058825,2,2,1.0
53-7051.00,53-7051,6.958169934640523,18,6,0.3333333333333333
53-7061.00,53-7061,6.949019607843137,6,1,0.16666666666666666
53-7062.00,53-7062,11.124836601307189,18,8,0.4444444444444444
53-7062.04,53-7062,11.43823529411765,4,3,0.75
53-7063.00,53-7063,9.235294117647058,5,3,0.6
53-7064.00,53-7064,14.61512605042017,7,5,0.7142857142857143
53-7065.00,53-7065,10.691176470588236,20,8,0.4
53-7071.00,53-7071,10.28235294117647,6,4,0.6666666666666666
53-7072.00,53-7072,10.329411764705881,7,4,0.5714285714285714
53-7073.00,53-7073,12.251470588235295,8,5,0.625
53-7081.00,53-7081,3.9705882352941173,10,0,0.0
53-7121.00,53-7121,12.472268907563025,7,4,0.5714285714285714
