O*NET-SOC Code,Title,technical_composition,cognitive_skills,social_skills,operations_skills,maintenance_skills,management_skills,technical_skills
25-1072.00,"Nursing Instructors and Teachers, Postsecondary",0.1557725122914735,3.6628571428571424,3.52,1.905,1.0625,2.7483333333333335,2.38
17-3026.01,Nanotechnology Engineering Technologists and Technicians,0.15576576108343296,3.162857142857143,2.893333333333333,2.9075,1.9675,2.605,2.4975
29-1031.00,Dietitians and Nutritionists,0.15575909260344,3.75,3.6466666666666665,1.815,1.0,3.0,2.4375
43-3031.00,"Bookkeeping, Accounting, and Auditing Clerks",0.15563131259660787,2.5728571428571425,2.5216666666666665,1.215,1.0,2.185,1.75
47-4011.00,Construction and Building Inspectors,0.15542964903789988,3.108571428571428,2.936666666666667,2.3775,1.0,2.6266666666666665,2.2175
29-2011.01,Cytogenetic Technologists,0.1551916726024736,3.144285714285714,2.688333333333333,2.47,1.4975,2.625,2.2825
19-4071.00,Forest and Conservation Technicians,0.1548071700162955,3.0,2.9150000000000005,2.5625,1.8425,2.6466666666666665,2.375
17-2111.00,"Health and Safety Engineers, Except Mining Safety Engineers and Inspectors",0.15478657774408686,3.231428571428572,3.1033333333333335,2.3725,1.0,2.77,2.285
19-4043.00,"Geological Technicians, Except Hydrologic Technicians",0.15478142524513822,2.8371428571428576,2.6666666666666665,2.53,1.7825,2.456666666666667,2.2475
25-1192.00,"Family and Consumer Sciences Teachers, Postsecondary",0.15477207287328185,3.355714285714286,3.0216666666666665,1.47,1.0,2.58,2.0925
25-9044.00,"Teaching Assistants, Postsecondary",0.15470770266353784,2.962857142857143,2.936666666666667,1.7175,1.0,2.1466666666666665,1.97
19-3051.00,Urban and Regional Planners,0.15454322200392928,3.462857142857143,3.27,1.4375,1.0,3.125,2.2475
25-1011.00,"Business Teachers, Postsecondary",0.15450123790627032,3.5014285714285713,3.125,1.28,1.0,2.5583333333333336,2.095
13-1041.01,Environmental Compliance Inspectors,0.15437784402949944,3.447142857142857,2.9599999999999995,2.8125,1.03,2.581666666666667,2.3425
13-2011.00,Accountants and Auditors,0.1541987450491745,3.0714285714285716,3.02,1.5025,1.0925,2.6266666666666665,2.0625
29-1215.00,Family Medicine Physicians,0.15405444494439804,3.732857142857142,3.356666666666666,1.715,1.0625,2.6666666666666665,2.2825
29-2012.00,Medical and Clinical Laboratory Technicians,0.15402317622692216,2.9457142857142857,2.8733333333333335,2.9675,2.28,2.5,2.47
29-1221.00,"Pediatricians, General",0.15392264573092007,3.8042857142857143,3.481666666666666,1.6275,1.0,2.6466666666666665,2.285
45-2021.00,Animal Breeders,0.15388698008324256,2.712857142857143,2.2516666666666665,2.53,1.095,2.2283333333333335,1.9675
19-3039.03,Clinical Neuropsychologists,0.15384486429397662,3.5342857142857147,3.5216666666666665,1.315,1.0,2.6466666666666665,2.185
11-3051.03,Biofuels Production Managers,0.1534885760645529,3.322857142857143,3.27,2.7475,1.2175,3.23,2.5
17-3024.01,Robotics Technicians,0.15334466938304087,3.1771428571428575,2.7533333333333325,3.6875,3.53,2.56,2.845
25-1113.00,"Social Work Teachers, Postsecondary",0.15321045777822298,3.731428571428572,3.5016666666666665,1.22,1.0,2.623333333333333,2.185
17-2072.01,Radio Frequency Identification Device Specialists,0.1531440700451048,3.16,2.875,2.5325,2.125,2.606666666666666,2.405
29-1218.00,Obstetricians and Gynecologists,0.1527644665105975,3.7857142857142856,3.396666666666667,1.845,1.0,2.811666666666667,2.315
13-2082.00,Tax Preparers,0.15219219219219218,2.872857142857143,2.77,1.315,1.0,2.125,1.81
29-2011.00,Medical and Clinical Laboratory Technologists,0.15170450851351255,3.0885714285714285,2.9166666666666665,3.065,2.2825,2.6266666666666665,2.5
25-1031.00,"Architecture Teachers, Postsecondary",0.15162885894593212,3.75,3.351666666666667,1.595,1.03,2.7083333333333335,2.2225
41-3021.00,Insurance Sales Agents,0.15142511071577275,2.877142857142857,3.1649999999999996,1.405,1.0,2.2283333333333335,1.905
11-3021.00,Computer and Information Systems Managers,0.15142252527627556,3.6257142857142854,3.248333333333333,2.5325,1.44,3.331666666666667,2.53
19-4092.00,Forensic Science Technicians,0.1513378401408851,3.16,2.875,2.4675,1.53,2.4166666666666665,2.22
15-1299.09,Information Technology Project Managers,0.15133592776607036,3.357142857142857,3.375,1.8425,1.0,3.561666666666667,2.3425
15-1299.03,Document Management Specialists,0.15120104276581217,3.2300000000000004,2.938333333333333,1.4375,1.0,2.7900000000000005,2.03
13-2072.00,Loan Officers,0.15117877645048025,3.0542857142857143,2.9616666666666664,1.4075,1.0,2.455,1.9375
13-1081.02,Logistics Analysts,0.1510854341736695,3.3200000000000003,2.9399999999999995,1.7175,1.0,3.145,2.1575
29-2056.00,Veterinary Technologists and Technicians,0.15059359245405757,3.0700000000000003,2.956666666666667,2.595,1.8725,2.563333333333333,2.315
17-3021.00,Aerospace Engineering and Operations Technologists and Technicians,0.15048244855611276,3.197142857142857,2.7083333333333335,3.4375,2.655,2.6233333333333335,2.59
23-2011.00,Paralegals and Legal Assistants,0.15047770700636945,2.7142857142857144,2.7716666666666665,1.1875,1.0,1.8533333333333335,1.6875
29-1211.00,Anesthesiologists,0.15041254246760696,3.7471428571428578,3.186666666666667,2.8100000000000005,1.095,2.9150000000000005,2.435
19-5011.00,Occupational Health and Safety Specialists,0.15036252343414722,3.4642857142857144,3.1666666666666665,2.53,1.44,2.8333333333333335,2.3775
17-3027.01,Automotive Engineering Technicians,0.15034416659405767,2.9457142857142857,2.606666666666666,3.095,2.845,2.438333333333333,2.465
43-4131.00,Loan Interviewers and Clerks,0.15033991583036585,3.09,3.043333333333333,1.5325,1.0,2.27,1.935
13-2041.00,Credit Analysts,0.1502472127968977,3.0714285714285716,2.5833333333333335,1.405,1.0,2.375,1.845
19-4051.02,Nuclear Monitoring Technicians,0.15015239826747234,3.09,2.9599999999999995,3.0925,1.56,2.5416666666666665,2.34
29-1229.03,Urologists,0.15014192406299598,3.518571428571428,3.2733333333333334,2.4075,1.125,2.9350000000000005,2.3425
15-1241.01,Telecommunications Engineering Specialists,0.149946881165579,3.0700000000000003,2.936666666666667,2.78,2.4675,2.7483333333333335,2.47
29-1141.02,Advanced Practice Psychiatric Nurses,0.14960844945986104,3.5728571428571425,3.790000000000001,1.345,1.0,2.8966666666666665,2.2175
13-1199.05,Sustainability Specialists,0.14926968293551834,3.3200000000000003,3.061666666666667,1.81,1.06,2.688333333333333,2.095
13-1031.00,"Claims Adjusters, Examiners, and Investigators",0.14919386551317343,3.1257142857142854,3.0416666666666665,1.81,1.03,2.5833333333333335,2.0325
29-1161.00,Nurse Midwives,0.14919383905615494,3.6257142857142854,3.438333333333333,1.9375,1.0625,2.581666666666667,2.2175
25-1071.00,"Health Specialties Teachers, Postsecondary",0.14918277077370676,3.661428571428571,3.2483333333333335,1.78,1.465,2.6916666666666664,2.2525
29-1141.00,Registered Nurses,0.14917266932087542,3.4114285714285715,3.5,2.5024999999999995,1.25,2.5400000000000005,2.315
41-3041.00,Travel Agents,0.14899156616423198,2.8385714285714285,3.391666666666667,1.405,1.03,2.23,1.9075
43-6011.00,Executive Secretaries and Executive Administrative Assistants,0.1487893064533801,2.8385714285714285,3.19,1.53,1.06,2.48,1.94
13-1111.00,Management Analysts,0.14866426971308308,3.607142857142857,3.48,1.5325,1.03,3.063333333333333,2.22
25-9021.00,Farm and Home Management Educators,0.1484229346862679,3.537142857142857,3.625,1.94,1.0625,3.1033333333333335,2.3125
13-2052.00,Personal Financial Advisors,0.14837502719164672,3.265714285714286,3.27,1.3425,1.0,2.7733333333333334,2.03
19-4099.01,Quality Control Analysts,0.14814127256694667,3.0357142857142856,2.625,3.25,1.845,2.355,2.28
13-2053.00,Insurance Underwriters,0.147969218430751,3.0171428571428573,2.8966666666666665,1.25,1.0,2.4599999999999995,1.845
19-4012.00,Agricultural Technicians,0.1478848763695343,2.802857142857143,2.75,2.4675,1.78,2.4583333333333335,2.1275
29-1022.00,Oral and Maxillofacial Surgeons,0.14773375455223553,3.714285714285715,3.145,2.5649999999999995,1.72,2.73,2.405
29-1151.00,Nurse Anesthetists,0.14755007704160247,3.731428571428572,3.418333333333333,2.8774999999999995,2.0,2.7916666666666665,2.565
11-9199.01,Regulatory Affairs Managers,0.14751630707476165,3.4642857142857144,3.1466666666666665,1.2825,1.0,3.0400000000000005,2.065
15-1212.00,Information Security Analysts,0.14749503123787502,3.2885714285714287,2.7916666666666665,2.4675,1.6225,2.6466666666666665,2.2175
25-1062.00,"Area, Ethnic, and Cultural Studies Teachers, Postsecondary",0.1474772603591697,3.5542857142857143,3.226666666666667,1.22,1.0,2.748333333333333,2.0325
29-1141.03,Critical Care Nurses,0.14742771088784393,3.6257142857142854,3.561666666666667,2.6875,1.1875,2.686666666666667,2.3775
29-1141.01,Acute Care Nurses,0.1472465633488734,3.552857142857143,3.5216666666666665,2.565,1.22,2.706666666666667,2.3425
29-1021.00,"Dentists, General",0.14721427532366774,3.66,3.605,2.595,1.6275,3.168333333333333,2.53
19-3034.00,School Psychologists,0.14719922653936793,3.5,3.5833333333333335,1.2825,1.0,2.395,2.03
29-1224.00,Radiologists,0.14717565127676038,3.5700000000000003,3.313333333333333,2.78,1.405,2.7083333333333335,2.3775
25-3011.00,"Adult Basic Education, Adult Secondary Education, and English as a Second Language Instructors",0.14717147502135514,3.1785714285714284,3.3349999999999995,1.25,1.0,2.2900000000000005,1.9075
25-2031.00,"Secondary School Teachers, Except Special and Career/Technical Education",0.14704211229946523,3.4642857142857144,3.456666666666667,1.47,1.095,2.6666666666666665,2.095
25-4013.00,Museum Technicians and Conservators,0.14686212195292309,2.8385714285714285,2.7716666666666665,2.095,1.5325,2.395,2.0025
45-2011.00,Agricultural Inspectors,0.14682098740398886,3.0885714285714285,2.918333333333333,2.9675,1.03,2.518333333333334,2.155
13-1022.00,"Wholesale and Retail Buyers, Except Farm Products",0.14640337072947865,3.1257142857142854,3.3733333333333335,1.595,1.0,2.9166666666666665,2.06
29-1229.06,Sports Medicine Physicians,0.14639885643074443,3.6957142857142857,3.5833333333333335,2.5,1.125,2.9583333333333335,2.3775
29-9099.01,Midwives,0.14629578766011636,3.305714285714285,3.393333333333333,1.845,1.125,2.5416666666666665,2.0925
31-9095.00,Pharmacy Aides,0.14627274505967522,2.6257142857142854,2.6266666666666665,1.845,1.25,2.0416666666666665,1.78
19-1031.02,Range Managers,0.14605795950774114,3.355714285714286,3.145,2.31,1.285,2.7083333333333335,2.19
13-1041.07,Regulatory Affairs Specialists,0.14597530358149308,3.3757142857142854,3.1033333333333335,1.53,1.0,2.8966666666666665,2.035
13-2023.00,Appraisers and Assessors of Real Estate,0.14594684754809295,2.857142857142857,2.8533333333333335,1.965,1.0,2.2966666666666664,1.875
11-3031.03,Investment Fund Managers,0.14593581635043337,3.394285714285714,3.02,1.345,1.0,2.9599999999999995,2.0025
41-4011.00,"Sales Representatives, Wholesale and Manufacturing, Technical and Scientific Products",0.145828499453081,3.052857142857143,3.73,1.69,1.155,2.643333333333334,2.095
13-2071.00,Credit Counselors,0.1457783889684274,3.1957142857142857,3.2283333333333335,1.0625,1.0,2.3100000000000005,1.8425
29-2099.05,Ophthalmic Medical Technologists,0.14567265739998062,2.7671428571428573,3.061666666666667,2.155,1.345,2.2099999999999995,1.9675
17-3029.01,Non-Destructive Testing Specialists,0.14566923304708318,3.0342857142857147,2.77,3.3125,2.06,2.561666666666667,2.3425
17-3029.08,Photonics Technicians,0.1456503871609638,2.947142857142857,2.4783333333333335,3.1900000000000004,2.97,2.5216666666666665,2.405
13-2081.00,"Tax Examiners and Collectors, and Revenue Agents",0.1455918874172186,3.018571428571428,2.9399999999999995,1.5325,1.03,2.2916666666666665,1.8425
25-1067.00,"Sociology Teachers, Postsecondary",0.1455477155045207,3.444285714285715,3.145,1.22,1.0,2.565,1.9375
25-4012.00,Curators,0.14554507034099462,3.34,3.0416666666666665,1.7525,1.06,3.105,2.095
17-1012.00,Landscape Architects,0.14551356581586072,3.537142857142858,3.3333333333333335,2.0625,1.0,3.1033333333333335,2.22
43-4141.00,New Accounts Clerks,0.1452445847080763,2.66,2.918333333333333,1.3725,1.0,1.9800000000000004,1.6875
27-1024.00,Graphic Designers,0.1452287521351738,3.0342857142857147,2.9983333333333335,1.5,1.03,2.4583333333333335,1.8725
51-6092.00,Fabric and Apparel Patternmakers,0.1450969048307781,3.16,2.773333333333333,2.6850000000000005,1.2175,2.4783333333333335,2.09
25-1082.00,"Library Science Teachers, Postsecondary",0.14500293918948562,3.552857142857143,3.1650000000000005,1.28,1.0,2.6033333333333335,1.9675
31-9092.00,Medical Assistants,0.1449865520448433,3.015714285714286,3.2283333333333335,2.1225,1.405,2.3766666666666665,2.06
25-2021.00,"Elementary School Teachers, Except Special Education",0.1449241943851963,3.5700000000000003,3.688333333333333,1.4375,1.125,2.5400000000000005,2.095
13-1041.08,Customs Brokers,0.14487603754136605,3.141428571428572,3.0216666666666665,1.2825,1.0,2.813333333333333,1.9075
43-4081.00,"Hotel, Motel, and Resort Desk Clerks",0.14484963228648354,2.607142857142857,3.188333333333333,1.655,1.0,2.25,1.8125
13-1041.03,Equal Opportunity Representatives and Officers,0.14484563149135377,3.357142857142857,3.2283333333333335,1.405,1.03,2.418333333333333,1.9375
11-3051.06,Hydroelectric Production Managers,0.1447125765401553,3.4985714285714287,3.356666666666666,3.1575,2.125,3.3766666666666665,2.625
43-4021.00,Correspondence Clerks,0.14469814281705654,2.7157142857142853,2.77,1.25,1.0,2.061666666666667,1.6575
51-4111.00,Tool and Die Makers,0.14469595749308642,2.9085714285714284,2.1683333333333334,3.1875,2.655,2.188333333333333,2.2175
29-2051.00,Dietetic Technicians,0.14448318467241,2.995714285714286,3.02,2.4375,1.0,2.581666666666667,2.0325
41-3031.00,"Securities, Commodities, and Financial Services Sales Agents",0.14443521957614158,3.212857142857143,3.1483333333333334,1.31,1.09,2.893333333333333,1.9675
29-2011.04,Histotechnologists,0.1443792282488273,2.948571428571428,2.706666666666667,2.8100000000000005,2.0,2.4983333333333335,2.1875
43-5061.00,"Production, Planning, and Expediting Clerks",0.14405531724182083,2.75,2.643333333333334,1.9675,1.03,2.75,1.875
29-1181.00,Audiologists,0.1440264816604405,3.6257142857142854,3.3533333333333335,2.5600000000000005,1.9025,2.688333333333333,2.3775
39-4011.00,Embalmers,0.14400998115261077,2.731428571428572,2.7483333333333335,2.28,1.405,2.3516666666666666,1.9375
11-2011.00,Advertising and Promotions Managers,0.14398378789158153,3.357142857142857,3.3333333333333335,1.31,1.03,3.0383333333333336,2.03
29-2031.00,Cardiovascular Technologists and Technicians,0.14390139792978338,3.0700000000000003,3.0400000000000005,3.03,1.9375,2.293333333333333,2.2475
43-5051.00,Postal Service Clerks,0.14374962635260358,2.552857142857143,2.6233333333333335,1.9075,1.0,2.1466666666666665,1.7175
31-9011.00,Massage Therapists,0.14369782400437936,2.7842857142857147,2.5216666666666665,1.3775,1.0,2.0,1.625
29-2061.00,Licensed Practical and Licensed Vocational Nurses,0.14358916605664734,3.25,3.5,2.2475,1.03,2.6466666666666665,2.125
19-3093.00,Historians,0.14351824732001642,3.158571428571429,2.8349999999999995,1.22,1.0,2.23,1.75
21-1014.00,Mental Health Counselors,0.1434604835860073,3.518571428571428,3.645,1.375,1.0,2.581666666666667,2.03
29-1071.01,Anesthesiologist Assistants,0.1434550210394632,3.1242857142857146,2.8533333333333335,2.94,1.97,2.561666666666667,2.2525
43-4011.00,Brokerage Clerks,0.1433475055583727,2.8214285714285716,2.793333333333333,1.28,1.0,2.563333333333333,1.75
39-3012.00,Gambling and Sports Book Writers and Runners,0.14332921556516368,2.444285714285715,2.6466666666666665,1.8125,1.0,2.0033333333333334,1.6575
29-1126.00,Respiratory Therapists,0.14330869232730054,3.34,3.2716666666666665,2.8149999999999995,1.97,2.606666666666666,2.3425
17-3024.00,Electro-Mechanical and Mechatronics Technologists and Technicians,0.1432078559738134,3.1785714285714284,2.5016666666666665,3.75,3.2775,2.6233333333333335,2.5625
51-4062.00,"Patternmakers, Metal and Plastic",0.14311148214087963,2.7142857142857144,2.27,2.9675,2.065,1.9583333333333333,2.0
19-3033.00,Clinical and Counseling Psychologists,0.14303394319145624,3.5171428571428573,3.5833333333333335,1.1875,1.0,2.5,1.9675
29-2035.00,Magnetic Resonance Imaging Technologists,0.14261291567859702,2.91,2.956666666666667,3.0275,1.625,2.436666666666667,2.155
29-1127.00,Speech-Language Pathologists,0.14250431205512953,3.787142857142857,3.4599999999999995,1.9025,1.125,2.3316666666666666,2.095
11-3031.00,Financial Managers,0.14249525015832806,3.3200000000000003,3.3733333333333335,1.5325,1.0625,3.1233333333333335,2.0625
11-1011.03,Chief Sustainability Officers,0.14245446660884648,3.68,3.5216666666666665,1.72,1.03,3.231666666666667,2.19
29-1024.00,Prosthodontists,0.1423668143924133,3.358571428571428,3.081666666666667,2.34,1.7525,2.645,2.1875
51-3092.00,Food Batchmakers,0.14205729286179772,2.644285714285714,2.331666666666667,2.78,1.435,1.9366666666666668,1.8425
29-1141.04,Clinical Nurse Specialists,0.14185735150925027,3.732857142857142,3.686666666666667,2.19,1.03,2.7899999999999996,2.22
19-4051.00,Nuclear Technicians,0.14181523500810372,3.107142857142857,2.895,3.47,2.44,2.4599999999999995,2.375
29-9093.00,Surgical Assistants,0.14176402156281234,3.032857142857143,3.0,2.75,1.25,2.438333333333333,2.06
13-1081.00,Logisticians,0.14172619574934162,3.552857142857143,3.395,1.5925,1.0,3.1466666666666665,2.095
51-7032.00,"Patternmakers, Wood",0.1417096771555003,2.838571428571428,2.2083333333333335,2.905,2.185,2.355,2.0625
31-9097.00,Phlebotomists,0.14165323107760686,2.7142857142857144,2.956666666666667,2.315,1.4675,2.2716666666666665,1.935
25-3041.00,Tutors,0.14162300746850964,3.355714285714286,3.375,1.125,1.0,2.145,1.815
29-1124.00,Radiation Therapists,0.14160997983647605,3.0357142857142856,3.02,3.0649999999999995,2.155,2.56,2.2825
29-1023.00,Orthodontists,0.1415569135005883,3.678571428571429,3.4399999999999995,2.2825,1.25,2.811666666666667,2.22
11-3031.01,Treasurers and Controllers,0.1414349467902506,3.640000000000001,3.0416666666666665,1.47,1.0,3.3533333333333335,2.06
11-9111.00,Medical and Health Services Managers,0.14135599880656968,3.838571428571429,3.8783333333333334,1.685,1.0,3.645,2.3125
21-1023.00,Mental Health and Substance Abuse Social Workers,0.14123372653237576,3.5542857142857143,3.731666666666666,1.565,1.0,2.6899999999999995,2.0625
41-3011.00,Advertising Sales Agents,0.14112877967588078,2.8742857142857146,3.48,1.655,1.0,2.4166666666666665,1.8775
25-2058.00,"Special Education Teachers, Secondary School",0.14075638786204656,3.5171428571428573,3.688333333333333,1.625,1.03,2.73,2.0625
51-9011.00,Chemical Equipment Operators and Tenders,0.14075535001813566,3.0542857142857143,2.4983333333333335,3.44,2.1275,2.4166666666666665,2.2175
19-1032.00,Foresters,0.1406395933941022,3.448571428571428,3.186666666666667,2.595,1.59,3.3100000000000005,2.3125
31-2021.00,Physical Therapist Assistants,0.14059688427059186,3.0357142857142856,3.081666666666667,2.4025,1.6225,2.48,2.065
13-1021.00,"Buyers and Purchasing Agents, Farm Products",0.14059190322662973,3.018571428571428,3.0833333333333335,2.0,1.03,2.895,1.9675
41-4011.07,Solar Sales Representatives and Assessors,0.14040757458401218,2.944285714285715,3.311666666666667,1.8425,1.0625,2.3333333333333335,1.8775
51-8011.00,Nuclear Power Reactor Operators,0.14038891523815977,3.2157142857142853,2.9599999999999995,3.5625,1.125,2.73,2.22
27-1027.00,Set and Exhibit Designers,0.14032150033489618,3.34,3.0833333333333335,1.875,1.535,3.0016666666666665,2.095
33-3031.00,Fish and Game Wardens,0.14013981466428221,3.1999999999999997,3.1683333333333334,2.6575,1.72,2.476666666666667,2.155
31-9099.01,Speech-Language Pathology Assistants,0.14002749487978003,2.9271428571428575,3.0,1.5625,1.1875,2.27,1.7825
51-9012.00,"Separating, Filtering, Clarifying, Precipitating, and Still Machine Setters, Operators, and Tenders",0.13984443970897137,2.7857142857142856,2.5416666666666665,3.2175,2.535,2.375,2.1875
43-4051.00,Customer Service Representatives,0.13959294164828553,2.7671428571428573,3.105,1.2175,1.0,2.1266666666666665,1.6575
29-2099.08,Patient Representatives,0.13943319838056678,2.9271428571428575,3.563333333333333,1.25,1.0,2.6466666666666665,1.845
43-5111.00,"Weighers, Measurers, Checkers, and Samplers, Recordkeeping",0.13941092233438823,2.7157142857142853,2.813333333333333,2.3425,1.53,2.188333333333333,1.8775
25-2022.00,"Middle School Teachers, Except Special and Career/Technical Education",0.13936918347580746,3.4642857142857144,3.5416666666666665,1.4075,1.0,2.7516666666666665,1.97
29-1129.01,Art Therapists,0.13926127900224694,3.448571428571428,3.4150000000000005,1.4675,1.22,2.625,1.97
31-2022.00,Physical Therapist Aides,0.1392557136370516,2.731428571428572,2.936666666666667,1.935,1.1875,2.0416666666666665,1.7525
25-1124.00,"Foreign Language and Literature Teachers, Postsecondary",0.13914402434677706,3.518571428571428,3.105,1.28,1.0,2.3100000000000005,1.8125
43-4031.00,"Court, Municipal, and License Clerks",0.1390851289297068,2.642857142857143,2.7083333333333335,1.5625,1.22,2.311666666666667,1.6875
21-1022.00,Healthcare Social Workers,0.13903301886792455,3.5,3.6233333333333335,1.465,1.0,2.58,1.965
29-2081.00,"Opticians, Dispensing",0.13891205787383043,2.891428571428572,3.1466666666666665,2.375,1.625,2.375,2.0025
31-9094.00,Medical Transcriptionists,0.13888409647700217,2.622857142857143,2.2083333333333335,1.31,1.0,1.7716666666666665,1.4375
29-2032.00,Diagnostic Medical Sonographers,0.13875411042380478,3.0885714285714285,3.1033333333333335,2.81,1.9975,2.3766666666666665,2.155
25-3021.00,Self-Enrichment Teachers,0.1386324819129133,2.9285714285714284,2.873333333333333,1.78,1.0,2.105,1.72
11-9013.00,"Farmers, Ranchers, and Other Agricultural Managers",0.13858323831242875,3.251428571428572,3.1466666666666665,2.78,2.065,3.1466666666666665,2.315
27-1014.00,Special Effects Artists and Animators,0.13855322871671497,2.9985714285714287,2.7933333333333334,1.78,1.22,2.461666666666666,1.81
11-9199.10,Wind Energy Development Managers,0.13831893592220607,3.2328571428571427,3.2516666666666665,2.095,1.1225,3.1466666666666665,2.0625
27-4012.00,Broadcast Technicians,0.13825693845005926,3.105714285714286,2.606666666666666,3.095,2.655,2.561666666666667,2.25
21-1091.00,Health Education Specialists,0.1381121699946537,3.4642857142857144,3.375,1.44,1.0,2.811666666666667,1.9375
11-2021.00,Marketing Managers,0.13796140668433643,3.6257142857142854,3.4783333333333335,1.4075,1.0,3.188333333333333,2.0325
25-4011.00,Archivists,0.13794656681962783,3.018571428571429,2.7916666666666665,1.6225,1.0,2.5033333333333334,1.75
43-5071.00,"Shipping, Receiving, and Inventory Clerks",0.13789581205311544,2.5199999999999996,2.6683333333333334,2.0925,1.0625,2.206666666666667,1.6875
25-2051.00,"Special Education Teachers, Preschool",0.1378929950358522,3.34,3.375,1.5025,1.03,2.475,1.875
29-1291.00,Acupuncturists,0.13772920944790715,3.0157142857142856,2.9983333333333335,1.875,1.125,2.3333333333333335,1.8125
13-2061.00,Financial Examiners,0.1376320983336248,3.6628571428571424,3.23,1.5,1.0,2.935,1.9675
51-8031.00,Water and Wastewater Treatment Plant and System Operators,0.13752185314685317,2.872857142857143,2.563333333333333,3.565,2.5925,2.5016666666666665,2.2475
33-2021.00,Fire Inspectors and Investigators,0.13748753738783648,2.9985714285714287,3.168333333333333,2.4675,1.1225,2.601666666666667,1.97
41-9012.00,Models,0.1374288745298486,1.84,2.105,1.03,1.0,1.4783333333333335,1.1875
43-4041.00,"Credit Authorizers, Checkers, and Clerks",0.13736281015126264,2.6242857142857146,2.811666666666667,1.0925,1.0,2.268333333333333,1.56
39-5012.00,"Hairdressers, Hairstylists, and Cosmetologists",0.13733925262790994,3.037142857142857,3.0216666666666665,1.625,1.2825,2.23,1.7825
27-3043.05,"Poets, Lyricists and Creative Writers",0.13726496621798565,3.0357142857142856,2.6033333333333335,1.1875,1.0,1.9783333333333335,1.56
29-1292.00,Dental Hygienists,0.1371751025991792,2.857142857142857,2.936666666666667,2.44,1.655,2.125,1.91
41-2011.00,Cashiers,0.13699863301437,2.1242857142857146,2.668333333333333,1.535,1.0,1.9166666666666667,1.4675
13-1041.04,Government Property Inspectors and Investigators,0.13699828280720902,3.3042857142857143,3.1666666666666665,2.5625,1.0,2.77,2.0325
51-4061.00,"Model Makers, Metal and Plastic",0.13696158047205206,2.8757142857142854,2.2516666666666665,3.3425,2.4075,2.1033333333333335,2.06
41-9022.00,Real Estate Sales Agents,0.13668520113817317,2.9085714285714284,3.52,1.8425,1.0,2.5400000000000005,1.87
43-3061.00,Procurement Clerks,0.1366719324964763,3.1257142857142854,3.02,1.2175,1.0,2.5016666666666665,1.72
13-1131.00,Fundraisers,0.13666254424495713,3.108571428571428,3.625,1.435,1.03,2.8516666666666666,1.9075
43-4181.00,Reservation and Transportation Ticket Agents and Travel Clerks,0.13660948274259802,2.8385714285714285,3.2916666666666665,1.72,1.0,2.2099999999999995,1.75
45-4023.00,Log Graders and Scalers,0.13660402637238656,2.7328571428571427,2.706666666666667,2.5325,1.4375,2.2516666666666665,1.845
39-3011.00,Gambling Dealers,0.13646931184128952,2.25,2.7900000000000005,1.4675,1.03,1.7483333333333335,1.4675
49-2094.00,"Electrical and Electronics Repairers, Commercial and Industrial Equipment",0.1364245742985013,3.052857142857143,2.795,3.595,3.4075,2.563333333333333,2.435
43-3071.00,Tellers,0.13640505138580009,2.607142857142857,2.875,1.845,1.0,2.1666666666666665,1.6575
43-4161.00,"Human Resources Assistants, Except Payroll and Timekeeping",0.13638001080713272,2.858571428571428,2.8966666666666665,1.3125,1.0,2.2066666666666666,1.6225
25-1126.00,"Philosophy and Religion Teachers, Postsecondary",0.13636114911080713,3.448571428571428,3.126666666666667,1.22,1.0,2.4783333333333335,1.78
29-1122.00,Occupational Therapists,0.13620848458579402,3.75,3.645,1.935,1.0625,2.893333333333333,2.095
29-2057.00,Ophthalmic Medical Technicians,0.13614766928156635,2.642857142857143,2.6650000000000005,2.1225,1.78,1.893333333333333,1.75
43-3041.00,Gambling Cage Workers,0.13592639063153492,2.43,2.92,1.875,1.0,2.105,1.625
39-2021.00,Animal Caretakers,0.13589816526809842,2.41,2.4583333333333335,1.845,1.3725,2.04,1.5925
21-1015.00,Rehabilitation Counselors,0.13567100338620566,3.3028571428571425,3.4766666666666666,1.2475,1.0,2.52,1.8125
29-1123.00,Physical Therapists,0.13564317629536726,3.4285714285714284,3.438333333333333,2.0625,1.4075,2.7899999999999996,2.06
43-4151.00,Order Clerks,0.13564094070884397,2.731428571428572,2.9599999999999995,1.7475,1.0,2.1233333333333335,1.6575
33-9021.00,Private Detectives and Investigators,0.13560920749514777,3.164285714285714,2.918333333333333,1.7825,1.0625,2.418333333333333,1.78
11-3051.02,Geothermal Production Managers,0.135506853032976,3.4285714285714284,3.23,3.0325,2.125,3.351666666666667,2.3775
11-3051.01,Quality Control Systems Managers,0.13546055349029323,3.552857142857143,3.25,3.22,1.6575,3.27,2.3425
25-1122.00,"Communications Teachers, Postsecondary",0.13539011378866317,3.552857142857143,3.2283333333333335,1.2825,1.0,2.686666666666667,1.84
27-1025.00,Interior Designers,0.13537192922178318,3.3000000000000003,3.4783333333333335,1.9075,1.0,2.8966666666666665,1.97
43-9081.00,Proofreaders and Copy Markers,0.13529101373157773,2.377142857142857,1.9383333333333332,1.345,1.0,1.7283333333333335,1.3125
11-9151.00,Social and Community Service Managers,0.1352108835292692,3.6628571428571424,3.6466666666666665,1.905,1.0,3.3766666666666665,2.125
25-1112.00,"Law Teachers, Postsecondary",0.13518253982604922,3.555714285714285,3.145,1.25,1.0,2.436666666666667,1.78
13-2099.04,"Fraud Examiners, Investigators and Analysts",0.13497579576493496,3.268571428571428,3.2283333333333335,1.345,1.0,2.5816666666666666,1.7825
25-9042.00,"Teaching Assistants, Preschool, Elementary, Middle, and Secondary School, Except Special Education",0.13488589754177335,2.9114285714285715,3.3349999999999995,1.6225,1.0,2.355,1.75
49-9061.00,Camera and Photographic Equipment Repairers,0.13483223638790445,2.8742857142857146,2.186666666666667,3.095,3.0025,2.268333333333333,2.0925
51-9061.00,"Inspectors, Testers, Sorters, Samplers, and Weighers",0.13482557987386273,2.6614285714285715,2.418333333333333,2.97,1.5925,2.1650000000000005,1.84
51-8099.01,Biofuels Processing Technicians,0.13464065500859196,2.6799999999999997,3.0,3.5025,2.5625,2.5233333333333334,2.22
25-1193.00,"Recreation and Fitness Studies Teachers, Postsecondary",0.13438055620785666,3.5714285714285716,3.2466666666666666,1.6575,1.0,2.811666666666667,1.9075
29-2053.00,Psychiatric Technicians,0.13437494580956177,3.0885714285714285,3.4983333333333335,1.905,1.06,2.3333333333333335,1.845
23-1021.00,"Administrative Law Judges, Adjudicators, and Hearing Officers",0.13436278592939066,3.5,3.1466666666666665,1.155,1.0,2.456666666666667,1.7475
33-3021.02,Police Identification and Records Officers,0.13431910669529365,2.962857142857143,2.875,2.28,1.0625,2.2916666666666665,1.78
25-1081.00,"Education Teachers, Postsecondary",0.13429909018637928,3.605714285714286,3.188333333333333,1.125,1.0,2.7483333333333335,1.81
53-2011.00,"Airline Pilots, Copilots, and Flight Engineers",0.13420962834475503,3.5328571428571434,3.02,3.935000000000001,1.2175,2.793333333333333,2.2475
49-9062.00,Medical Equipment Repairers,0.1341806029439583,2.802857142857143,2.6033333333333335,3.41,3.4375,2.4583333333333335,2.28
25-2023.00,"Career/Technical Education Teachers, Middle School",0.13416028213547365,3.5014285714285713,3.356666666666667,1.94,1.3125,2.6033333333333335,1.97
43-9031.00,Desktop Publishers,0.1341258824631473,3.1785714285714284,2.7716666666666665,2.1575,1.435,2.561666666666667,1.875
15-1231.00,Computer Network Support Specialists,0.134097775336446,3.0542857142857143,2.5416666666666665,2.75,2.6875,2.4783333333333335,2.0925
27-2023.00,"Umpires, Referees, and Other Sports Officials",0.13405909486597092,2.9285714285714284,2.855,1.5625,1.06,1.8966666666666665,1.595
43-9021.00,Data Entry Keyers,0.1339054454673116,2.5171428571428573,2.5400000000000005,1.5,1.125,2.23,1.5325
51-8013.03,Biomass Plant Technicians,0.13384390416826683,2.962857142857143,2.77,3.4075,2.405,2.4166666666666665,2.1575
53-6051.00,Transportation Inspectors,0.13383082856302858,2.855714285714286,2.7883333333333336,2.5625,1.03,2.688333333333333,1.8425
43-2021.00,Telephone Operators,0.13375796178343946,2.2842857142857147,2.5,1.28,1.0,1.856666666666667,1.3775
51-8013.04,Hydroelectric Plant Technicians,0.13365686191404594,2.962857142857143,2.6233333333333335,3.5024999999999995,3.095,2.4166666666666665,2.2525
29-1122.01,"Low Vision Therapists, Orientation and Mobility Specialists, and Vision Rehabilitation Therapists",0.1335436115279933,3.3228571428571425,3.4599999999999995,1.9375,1.03,2.4150000000000005,1.875
43-5011.01,Freight Forwarders,0.13334654420760603,2.9457142857142857,3.2283333333333335,1.7175,1.375,2.7083333333333335,1.8425
51-2041.00,Structural Metal Fabricators and Fitters,0.1333065983293883,2.3228571428571425,2.2483333333333335,2.4075,1.78,1.7900000000000005,1.6225
41-9091.00,"Door-to-Door Sales Workers, News and Street Vendors, and Related Workers",0.1332014005175826,2.552857142857143,3.375,1.22,1.0,2.02,1.5625
25-2032.00,"Career/Technical Education Teachers, Secondary School",0.13314460847390217,3.4128571428571424,3.581666666666667,2.0625,1.4675,2.7083333333333335,2.0325
11-9199.09,Wind Energy Operations Managers,0.1330726304822527,3.234285714285714,3.3516666666666666,2.875,1.875,3.1266666666666665,2.22
51-2023.00,Electromechanical Equipment Assemblers,0.13306430840559802,2.467142857142857,2.0866666666666664,3.03,2.375,2.061666666666667,1.845
19-1031.03,Park Naturalists,0.132992090128683,3.175714285714286,3.186666666666667,2.065,1.1875,2.625,1.8775
51-3011.00,Bakers,0.1328889638879514,2.6785714285714284,2.395,2.5325,1.28,2.125,1.6875
25-4022.00,Librarians and Media Collections Specialists,0.13279666741724838,3.018571428571428,2.9583333333333335,1.375,1.09,2.561666666666667,1.685
51-9195.03,"Stone Cutters and Carvers, Manufacturing",0.1327806931284521,2.642857142857143,2.31,2.345,1.8125,2.1233333333333335,1.72
11-9141.00,"Property, Real Estate, and Community Association Managers",0.13276054689578123,2.961428571428572,3.2283333333333335,1.7175,1.03,2.706666666666667,1.7825
43-4111.00,"Interviewers, Except Eligibility and Loan",0.13275862068965516,2.8042857142857143,3.0849999999999995,1.28,1.0,2.25,1.595
51-4034.00,"Lathe and Turning Machine Tool Setters, Operators, and Tenders, Metal and Plastic",0.13261036128956208,2.41,2.186666666666667,3.125,2.4375,2.105,1.875
53-7065.00,Stockers and Order Fillers,0.13248817069904473,2.358571428571428,2.5216666666666665,2.1575,1.185,2.188333333333333,1.59
31-9091.00,Dental Assistants,0.13248000835341925,2.7671428571428573,2.8733333333333335,2.31,1.69,2.2283333333333335,1.8125
43-6013.00,Medical Secretaries and Administrative Assistants,0.1321916118861996,2.587142857142857,2.643333333333334,1.28,1.0,2.1233333333333335,1.4675
15-1232.00,Computer User Support Specialists,0.1321893455006028,3.1942857142857144,2.8533333333333335,2.94,2.0925,2.4599999999999995,2.0625
53-2021.00,Air Traffic Controllers,0.13213680373354386,3.694285714285715,3.1666666666666674,2.625,1.155,2.7083333333333335,2.0325
43-6012.00,Legal Secretaries and Administrative Assistants,0.1321136254212807,2.5542857142857143,2.6033333333333335,1.5625,1.0,1.9366666666666668,1.47
51-9051.00,"Furnace, Kiln, Oven, Drier, and Kettle Operators and Tenders",0.13202019920207572,2.4285714285714284,2.205,3.03,1.5925,1.855,1.69
41-1011.00,First-Line Supervisors of Retail Sales Workers,0.13192481868636996,3.0885714285714285,3.4166666666666665,1.72,1.0,2.9150000000000005,1.845
39-7011.00,Tour Guides and Escorts,0.1318806570566544,2.4285714285714284,2.7483333333333335,1.28,1.0,1.7916666666666667,1.405
27-1026.00,Merchandise Displayers and Window Trimmers,0.13160685705470604,2.8057142857142856,2.731666666666666,1.81,1.125,2.25,1.625
25-2057.00,"Special Education Teachers, Middle School",0.13156346267003566,3.4642857142857144,3.6666666666666665,1.22,1.03,2.5666666666666664,1.81
11-3111.00,Compensation and Benefits Managers,0.1315096181254373,3.431428571428571,3.143333333333334,1.25,1.0,3.145,1.8125
31-1131.00,Nursing Assistants,0.13144345091873832,2.607142857142857,2.8533333333333335,2.0,1.0625,2.0,1.5925
51-8012.00,Power Distributors and Dispatchers,0.1313511386552555,3.0871428571428576,2.726666666666667,2.8425,1.5,2.4583333333333335,1.9075
49-2095.00,"Electrical and Electronics Repairers, Powerhouse, Substation, and Relay",0.1312471484541906,2.8742857142857146,2.668333333333333,3.22,2.9350000000000005,2.5833333333333335,2.1575
11-9071.00,Gambling Managers,0.13122331190465017,3.447142857142857,3.5833333333333335,1.9675,1.0,3.2266666666666666,1.9975
51-4041.00,Machinists,0.13121723664503246,2.6942857142857144,2.543333333333333,3.0925,2.72,2.2083333333333335,2.0025
25-1065.00,"Political Science Teachers, Postsecondary",0.1312082822503746,3.5014285714285713,3.2066666666666666,1.1575,1.0,2.523333333333333,1.72
33-3051.04,Customs and Border Protection Officers,0.131127010955713,3.122857142857143,3.188333333333333,2.125,1.0,2.375,1.7825
27-2041.00,Music Directors and Composers,0.1310437539171428,3.107142857142857,3.063333333333333,1.375,1.095,2.7483333333333335,1.7175
51-9071.06,Gem and Diamond Workers,0.13103750054697413,2.697142857142857,2.4783333333333335,2.595,1.905,2.145,1.7825
43-9041.00,Insurance Claims and Policy Processing Clerks,0.131002009417269,2.6957142857142857,2.9150000000000005,1.4675,1.0,2.27,1.56
47-2021.00,Brickmasons and Blockmasons,0.13091256158694398,2.7142857142857144,2.52,2.655,1.935,2.2083333333333335,1.8125
43-4121.00,"Library Assistants, Clerical",0.13083840418682896,2.4828571428571427,2.688333333333333,1.5,1.125,2.1683333333333334,1.5
43-4061.00,"Eligibility Interviewers, Government Programs",0.13083568699119455,2.801428571428572,3.081666666666667,1.125,1.0,1.9566666666666668,1.5
33-3021.00,Detectives and Criminal Investigators,0.13075422356896765,3.2857142857142856,3.313333333333333,2.2825,1.125,2.4583333333333335,1.875
53-7072.00,"Pump Operators, Except Wellhead Pumpers",0.13073078985614253,2.768571428571428,2.5866666666666664,3.315,2.25,2.395,2.0025
21-1093.00,Social and Human Service Assistants,0.13072901183835486,3.1242857142857146,3.481666666666666,1.75,1.0,2.48,1.78
43-6014.00,"Secretaries and Administrative Assistants, Except Legal, Medical, and Executive",0.1306987481313496,2.697142857142857,2.7283333333333335,1.5025,1.0,2.2483333333333335,1.53
43-4071.00,File Clerks,0.13063086413353378,2.5885714285714285,2.563333333333333,1.6575,1.03,2.143333333333333,1.5
51-8092.00,Gas Plant Operators,0.1305538039244779,2.9828571428571427,2.6666666666666665,3.53,2.2525,2.52,2.095
13-1199.04,Business Continuity Planners,0.13054673212051207,3.5714285714285716,3.2900000000000005,1.75,1.0625,3.23,1.9375
29-2099.01,Neurodiagnostic Technologists,0.13048627395248583,2.995714285714286,2.768333333333334,2.97,1.875,2.5016666666666665,1.9675
25-4031.00,Library Technicians,0.13046200946284442,2.6799999999999997,2.601666666666667,1.6875,1.215,2.23,1.5625
11-9021.00,Construction Managers,0.13040140299114097,3.5357142857142856,3.3333333333333335,2.47,1.0,3.4150000000000005,2.0625
39-5091.00,"Makeup Artists, Theatrical and Performance",0.13030885316586213,2.891428571428572,2.7483333333333335,1.6875,1.155,2.563333333333333,1.655
45-4011.00,Forest and Conservation Workers,0.13020908435472242,2.712857142857142,2.4599999999999995,2.4025,1.8725,2.0416666666666665,1.72
11-9131.00,Postmasters and Mail Superintendents,0.13010559089229415,3.2857142857142856,3.5833333333333335,2.0925,1.0,3.2099999999999995,1.97
51-4192.00,"Layout Workers, Metal and Plastic",0.13007910510175635,2.731428571428572,2.3349999999999995,2.75,2.0925,1.9783333333333335,1.7775
11-2022.00,Sales Managers,0.12998311203383792,3.5357142857142856,3.8766666666666665,1.5625,1.0,3.395,1.9975
51-9195.04,"Glass Blowers, Molders, Benders, and Finishers",0.12997194256477967,2.7328571428571427,2.27,3.16,2.095,2.293333333333333,1.875
51-7042.00,"Woodworking Machine Setters, Operators, and Tenders, Except Sawing",0.1299693433544304,2.6257142857142854,1.9816666666666665,3.3425,2.66,1.9583333333333333,1.8775
33-9099.02,Retail Loss Prevention Specialists,0.12996587862539608,3.0199999999999996,2.9599999999999995,2.2825,1.03,2.606666666666666,1.7775
41-2031.00,Retail Salespersons,0.12991714631374418,2.6957142857142857,3.418333333333333,1.9375,1.0,2.25,1.6875
27-1012.00,Craft Artists,0.12990702943768095,2.768571428571428,2.4783333333333335,2.22,1.785,2.268333333333333,1.72
27-1023.00,Floral Designers,0.12989480827960637,2.91,2.858333333333333,1.4075,1.155,2.3533333333333335,1.595
11-3121.00,Human Resources Managers,0.12982220731298222,3.5,3.669999999999999,1.405,1.0,3.395,1.935
41-9021.00,Real Estate Brokers,0.12977400926957205,3.0171428571428573,3.2283333333333335,1.935,1.0,2.3533333333333335,1.72
17-3023.00,Electrical and Electronic Engineering Technologists and Technicians,0.12954184088098464,3.0157142857142856,2.688333333333333,2.97,2.78,2.6233333333333335,2.095
39-5092.00,Manicurists and Pedicurists,0.12941112084063047,2.302857142857143,2.6650000000000005,1.4375,1.125,1.9383333333333332,1.4075
13-1071.00,Human Resources Specialists,0.1293933352321276,2.9642857142857144,3.1266666666666665,1.3425,1.0,2.483333333333333,1.6225
47-4099.03,Weatherization Installers and Technicians,0.12936157245162275,2.9299999999999997,2.855,3.03,2.72,2.75,2.1225
51-8093.00,"Petroleum Pump System Operators, Refinery Operators, and Gaugers",0.12924568219409932,2.9285714285714284,2.5,3.3774999999999995,2.25,2.418333333333333,2.0
51-9083.00,Ophthalmic Laboratory Technicians,0.1292323878391129,2.641428571428572,2.435,2.9675,2.1225,2.2483333333333335,1.8425
25-9031.00,Instructional Coordinators,0.12922972558267248,3.6628571428571424,3.645,1.5,1.03,2.9983333333333335,1.905
53-7064.00,"Packers and Packagers, Hand",0.12919318575854857,2.1771428571428575,1.9966666666666668,2.03,1.3125,1.7516666666666667,1.375
23-1023.00,"Judges, Magistrate Judges, and Magistrates",0.12910529235945808,3.7514285714285713,3.2083333333333335,1.0625,1.0,2.563333333333333,1.7175
45-2041.00,"Graders and Sorters, Agricultural Products",0.12907500662602703,2.0700000000000003,1.9583333333333333,1.625,1.0,1.5616666666666668,1.2175
51-9032.00,"Cutting and Slicing Machine Setters, Operators, and Tenders",0.1290100116525172,2.605714285714286,2.311666666666667,3.4675,2.4675,2.2283333333333335,1.9375
35-3023.00,Fast Food and Counter Workers,0.1289624003515159,2.2142857142857144,2.645,1.9675,1.0,2.0849999999999995,1.4675
11-9032.00,"Education Administrators, Kindergarten through Secondary",0.1289430441034068,3.821428571428571,3.834999999999999,1.8425,1.03,3.606666666666667,2.0925
29-2034.00,Radiologic Technologists and Technicians,0.12888819692549738,2.7514285714285713,2.936666666666667,2.9975000000000005,1.72,2.25,1.8725
53-2012.00,Commercial Pilots,0.12885607882235645,3.4257142857142857,2.855,3.7175,1.565,2.5833333333333335,2.0925
51-4021.00,"Extruding and Drawing Machine Setters, Operators, and Tenders, Metal and Plastic",0.128841486073007,2.7114285714285713,2.3966666666666665,3.25,2.5275,2.231666666666667,1.94
11-3061.00,Purchasing Managers,0.1286640645652884,3.392857142857143,3.668333333333333,1.78,1.0,3.5,1.97
21-1011.00,Substance Abuse and Behavioral Disorder Counselors,0.12865965233302837,3.5,3.668333333333333,1.78,1.0,2.75,1.875
13-1011.00,"Agents and Business Managers of Artists, Performers, and Athletes",0.12862694300518135,3.0,3.5849999999999995,1.125,1.0,2.5016666666666665,1.655
29-9091.00,Athletic Trainers,0.12862647507425545,3.4114285714285715,3.3100000000000005,2.375,1.2175,2.608333333333333,1.9075
27-2012.04,Talent Directors,0.1286019555785793,3.1799999999999997,3.23,1.2825,1.0,2.5216666666666665,1.655
51-2031.00,Engine and Other Machine Assemblers,0.12852776985452916,2.518571428571428,2.395,3.0649999999999995,2.565,2.186666666666667,1.8775
21-1013.00,Marriage and Family Therapists,0.12843540916109109,3.5885714285714285,3.77,1.2175,1.0,2.52,1.7825
51-3093.00,Food Cooking Machine Operators and Tenders,0.12843131728763882,2.587142857142857,2.23,2.8125,1.375,2.0399999999999996,1.6275
47-2211.00,Sheet Metal Workers,0.12842871121492377,2.802857142857143,2.498333333333333,2.8475,2.75,2.25,1.9375
51-4191.00,"Heat Treating Equipment Setters, Operators, and Tenders, Metal and Plastic",0.12839559594211258,2.731428571428572,2.376666666666667,3.3425,2.375,2.123333333333333,1.9075
23-1012.00,Judicial Law Clerks,0.12837493632195618,3.142857142857143,2.7900000000000005,1.25,1.0,2.0016666666666665,1.5
27-1013.00,"Fine Artists, Including Painters, Sculptors, and Illustrators",0.12835643031502875,2.8757142857142854,2.335,2.19,1.25,2.1466666666666665,1.59
25-1123.00,"English Language and Literature Teachers, Postsecondary",0.12831193725866055,3.4285714285714284,3.3100000000000005,1.125,1.0,2.3966666666666665,1.6575
53-1041.00,Aircraft Cargo Handling Supervisors,0.12830824411716754,3.16,3.0,2.625,1.75,2.831666666666667,1.9675
41-4012.00,"Sales Representatives, Wholesale and Manufacturing, Except Technical and Scientific Products",0.12827102131617557,2.854285714285715,3.3733333333333335,1.405,1.0,2.1899999999999995,1.5925
43-5041.00,"Meter Readers, Utilities",0.12826704545454545,2.5728571428571425,2.625,2.66,1.685,2.1466666666666665,1.72
23-2093.00,"Title Examiners, Abstractors, and Searchers",0.1282609619306594,2.7842857142857147,2.5833333333333335,1.2175,1.0,2.185,1.4375
51-8091.00,Chemical Plant and System Operators,0.12825068289324656,3.1242857142857146,2.5416666666666665,3.655,2.155,2.543333333333333,2.0625
11-9171.00,Funeral Home Managers,0.12823562156828014,2.967142857142857,3.4166666666666665,1.9975,1.03,2.893333333333334,1.81
51-4032.00,"Drilling and Boring Machine Tool Setters, Operators, and Tenders, Metal and Plastic",0.12819494764008138,2.6771428571428575,2.2066666666666666,3.0925,2.4675,2.1033333333333335,1.845
29-1125.00,Recreational Therapists,0.12814194999338535,3.3414285714285716,3.75,1.72,1.095,2.6466666666666665,1.845
51-9151.00,Photographic Process Workers and Processing Machine Operators,0.128052684533065,2.7485714285714287,2.8983333333333334,3.22,2.315,2.436666666666667,2.0
39-4031.00,"Morticians, Undertakers, and Funeral Arrangers",0.12800819252432155,2.91,3.498333333333333,2.405,1.0625,2.8966666666666665,1.875
11-3051.04,Biomass Power Plant Managers,0.1279514796611942,3.3742857142857146,3.1466666666666665,3.125,1.9375,3.3083333333333336,2.185
47-2044.00,Tile and Stone Setters,0.12789489378236002,2.5357142857142856,2.561666666666667,2.3425,1.905,2.145,1.685
49-9099.01,Geothermal Technicians,0.12783381533469704,2.9257142857142857,2.668333333333333,3.5325,3.03,2.563333333333333,2.1575
45-1011.00,"First-Line Supervisors of Farming, Fishing, and Forestry Workers",0.1278335324287012,3.0885714285714285,3.188333333333333,3.0625,2.0925,3.0833333333333335,2.1275
49-2021.00,"Radio, Cellular, and Tower Equipment Installers and Repairers",0.12781998576388384,2.7485714285714287,2.7083333333333335,3.03,3.285,2.523333333333333,2.095
51-4035.00,"Milling and Planing Machine Setters, Operators, and Tenders, Metal and Plastic",0.12780361050328226,2.6042857142857145,2.186666666666667,3.2225,2.1575,1.9766666666666663,1.78
51-2051.00,Fiberglass Laminators and Fabricators,0.12768338060419976,2.642857142857143,2.608333333333333,2.8149999999999995,1.655,2.2516666666666665,1.7525
11-3071.04,Supply Chain Managers,0.12759444354258948,3.5728571428571425,3.5600000000000005,1.7175,1.0,3.5849999999999995,1.965
51-7011.00,Cabinetmakers and Bench Carpenters,0.1274180180461945,2.857142857142857,2.375,3.25,2.595,2.2083333333333335,1.94
51-9081.00,Dental Laboratory Technicians,0.12719617033008346,2.857142857142857,2.5866666666666664,2.75,1.97,2.273333333333333,1.8125
35-3041.00,"Food Servers, Nonrestaurant",0.1271493259342541,2.2857142857142856,2.52,2.06,1.06,2.1483333333333334,1.4675
11-3131.00,Training and Development Managers,0.12700538998097652,3.6957142857142857,3.6666666666666665,1.4375,1.0,3.311666666666667,1.9075
51-9195.05,"Potters, Manufacturing",0.12693283660105872,2.4271428571428575,2.2516666666666665,2.8425,1.375,2.0400000000000005,1.59
27-2021.00,Athletes and Sports Competitors,0.12684563758389264,3.018571428571428,3.0833333333333335,2.0025,1.22,2.2916666666666665,1.6875
27-4021.00,Photographers,0.12670078641867433,3.0328571428571434,2.98,2.3725,1.7525,2.355,1.8125
51-6061.00,Textile Bleaching and Dyeing Machine Operators and Tenders,0.1266388860656571,2.4457142857142857,2.2283333333333335,3.1575,2.3425,2.1016666666666666,1.78
53-6051.07,"Transportation Vehicle, Equipment and Systems Inspectors, Except Aviation",0.1265626614319661,2.5171428571428573,2.373333333333333,3.1875,2.1225,1.8766666666666667,1.75
51-9161.00,Computer Numerically Controlled Tool Operators,0.12646626762261837,3.051428571428572,2.3983333333333334,3.685000000000001,2.7175,2.3766666666666665,2.06
43-3011.00,Bill and Account Collectors,0.12646579052660736,2.5714285714285716,3.0033333333333334,1.5,1.0,2.061666666666667,1.4675
31-2011.00,Occupational Therapy Assistants,0.12641843971631206,3.0,3.3149999999999995,2.035,1.3425,2.625,1.7825
51-7031.00,"Model Makers, Wood",0.12640674882733774,2.8214285714285716,2.3333333333333335,2.75,1.7175,2.0400000000000005,1.6875
27-3091.00,Interpreters and Translators,0.126392809024124,3.0142857142857147,2.9166666666666665,1.5625,1.0,2.0816666666666666,1.53
11-9199.02,Compliance Managers,0.12627238757892026,3.3214285714285716,3.395,1.7175,1.03,2.645,1.75
27-3023.00,"News Analysts, Reporters, and Journalists",0.1262261973456434,2.858571428571428,3.0416666666666665,1.5625,1.0,2.3533333333333335,1.5625
51-4033.00,"Grinding, Lapping, Polishing, and Buffing Machine Tool Setters, Operators, and Tenders, Metal and Plastic",0.12620271932868546,2.641428571428572,2.311666666666667,3.625,2.405,2.206666666666667,1.905
51-5111.00,Prepress Technicians and Workers,0.12610804200227724,2.7857142857142856,2.7916666666666665,2.6225000000000005,1.905,2.23,1.78
39-7012.00,Travel Guides,0.1260979779520132,2.89,3.561666666666667,1.935,1.155,2.811666666666667,1.7825
49-2093.00,"Electrical and Electronics Installers and Repairers, Transportation Equipment",0.1259471214375644,2.7642857142857147,2.5833333333333335,3.125,2.8725000000000005,2.2916666666666665,1.965
27-2042.00,Musicians and Singers,0.12593199672177025,2.642857142857143,2.811666666666667,1.625,1.185,2.1466666666666665,1.5
47-2171.00,Reinforcing Iron and Rebar Workers,0.1259281538432618,2.5742857142857143,2.2716666666666665,2.5625,1.6225,2.0400000000000005,1.595
35-9031.00,"Hosts and Hostesses, Restaurant, Lounge, and Coffee Shop",0.12592018174272046,2.3214285714285716,2.938333333333333,1.3725,1.0,1.895,1.3725
39-6012.00,Concierges,0.1259143782228085,2.6628571428571424,3.311666666666667,1.315,1.0,2.123333333333333,1.5
51-9194.00,Etchers and Engravers,0.12560268538297223,2.59,2.311666666666667,2.9350000000000005,1.9975,2.105,1.715
13-1151.00,Training and Development Specialists,0.12540458311755565,3.7157142857142857,3.665000000000001,1.5,1.03,2.956666666666667,1.845
31-1133.00,Psychiatric Aides,0.12534652928906187,2.9642857142857144,3.355,2.0,1.0,2.2116666666666664,1.6525
51-9082.00,Medical Appliance Technicians,0.12534503855894824,3.127142857142857,3.0416666666666665,3.405,2.5625,2.5,2.0975
43-5021.00,Couriers and Messengers,0.1250980431091828,2.481428571428571,2.48,2.22,1.2475,2.061666666666667,1.5
47-2031.00,Carpenters,0.12506048922121102,2.894285714285714,2.7283333333333335,2.8149999999999995,2.4075,2.5,1.9075
51-2022.00,Electrical and Electronic Equipment Assemblers,0.12483334324074152,2.602857142857143,2.435,2.845,2.2175,2.1683333333333334,1.75
29-2055.00,Surgical Technologists,0.12482345566188076,2.981428571428572,2.893333333333333,2.97,2.22,2.73,1.9675
21-1092.00,Probation Officers and Correctional Treatment Specialists,0.1247645536641611,3.197142857142857,3.2266666666666666,1.9975,1.0,2.4166666666666665,1.6875
43-9061.00,"Office Clerks, General",0.12475204562360526,2.462857142857143,2.831666666666667,1.6875,1.0,2.1033333333333335,1.4375
47-2051.00,Cement Masons and Concrete Finishers,0.12457642782330108,2.59,2.415,2.7825,1.845,2.2083333333333335,1.685
23-1022.00,"Arbitrators, Mediators, and Conciliators",0.12454379562043795,3.2157142857142857,3.52,1.125,1.0,2.105,1.56
47-2231.00,Solar Photovoltaic Installers,0.12453997426113655,2.855714285714286,2.6233333333333335,2.965,2.8425,2.561666666666667,1.97
51-2061.00,Timing Device Assemblers and Adjusters,0.12450452281735948,2.4457142857142857,2.226666666666667,3.0625,2.5925,1.9783333333333335,1.75
47-2141.00,"Painters, Construction and Maintenance",0.12441914498141264,2.447142857142857,2.436666666666667,2.185,1.47,2.2283333333333335,1.53
11-9161.00,Emergency Management Directors,0.12439299406148988,3.838571428571429,3.8333333333333335,1.905,1.0,3.2900000000000005,1.97
11-9033.00,"Education Administrators, Postsecondary",0.12432614555256064,3.59,3.685,1.345,1.0,3.375,1.845
51-4122.00,"Welding, Soldering, and Brazing Machine Setters, Operators, and Tenders",0.12428260616533411,2.607142857142857,2.186666666666667,2.7825,1.9675,2.1,1.6525
43-5031.00,Public Safety Telecommunicators,0.12424357513609319,3.052857142857143,3.3966666666666665,2.155,1.435,2.313333333333333,1.7525
11-1011.00,Chief Executives,0.12423751934916136,3.928571428571429,3.831666666666667,1.815,1.03,4.1450000000000005,2.0925
51-6051.00,"Sewers, Hand",0.1242215984254509,2.4114285714285715,2.02,2.1875,1.095,1.98,1.375
33-9031.00,Gambling Surveillance Officers and Gambling Investigators,0.12419229055258468,3.052857142857143,2.75,2.095,1.0625,2.27,1.5925
49-3051.00,Motorboat Mechanics and Service Technicians,0.12410022570609407,2.625714285714286,2.25,3.4975,3.155,2.1466666666666665,1.9375
35-2011.00,"Cooks, Fast Food",0.12404225875046408,2.1785714285714284,2.4983333333333335,1.655,1.0,1.9366666666666668,1.3125
39-2011.00,Animal Trainers,0.12385221210031575,3.0171428571428573,3.0216666666666665,1.905,1.03,2.5216666666666665,1.625
25-1121.00,"Art, Drama, and Music Teachers, Postsecondary",0.12383698073646968,3.5342857142857147,3.2083333333333335,1.3425,1.1875,2.6666666666666665,1.6875
39-9011.00,Childcare Workers,0.12382002342727211,2.8200000000000003,3.063333333333333,1.69,1.0,2.0233333333333334,1.4975
47-2152.00,"Plumbers, Pipefitters, and Steamfitters",0.12381887068060438,2.802857142857143,2.561666666666667,3.0,2.8425,2.5033333333333334,1.9375
25-1194.00,"Career/Technical Education Teachers, Postsecondary",0.12379703910702232,3.4642857142857144,3.2283333333333335,2.2825,1.75,2.563333333333333,1.8775
51-9141.00,Semiconductor Processing Technicians,0.12364570258307457,2.7328571428571427,2.3966666666666665,3.1575,2.285,2.061666666666667,1.7825
39-9032.00,Recreation Workers,0.12361874968464605,3.051428571428571,3.645,1.845,1.095,2.77,1.75
27-3031.00,Public Relations Specialists,0.12359849796266212,3.2528571428571427,3.5,1.25,1.0,2.75,1.6575
39-1013.00,First-Line Supervisors of Gambling Services Workers,0.12358255477000252,3.0171428571428573,3.355,2.125,1.625,2.731666666666666,1.8125
53-5021.00,"Captains, Mates, and Pilots of Water Vessels",0.12352765236216548,3.018571428571428,3.0416666666666665,3.25,2.53,2.811666666666667,2.065
49-3041.00,Farm Equipment Mechanics and Service Technicians,0.12351709699930216,2.91,2.3966666666666665,3.595,3.375,2.3766666666666665,2.065
41-2021.00,Counter and Rental Clerks,0.12342370299320111,2.5171428571428573,2.9599999999999995,1.905,1.465,2.25,1.5625
27-3041.00,Editors,0.123362828588846,3.0171428571428573,2.956666666666667,1.845,1.0,2.48,1.59
53-2031.00,Flight Attendants,0.12324099198586483,2.91,3.313333333333333,2.125,1.0,2.23,1.6275
41-9011.00,Demonstrators and Product Promoters,0.12323683680612159,2.8042857142857143,2.918333333333333,1.9975,1.0,2.1649999999999996,1.53
11-9179.01,Fitness and Wellness Coordinators,0.12320353466692562,3.1614285714285715,3.438333333333333,1.8425,1.375,3.0816666666666666,1.8125
29-1129.02,Music Therapists,0.12315633601325181,3.3757142857142854,3.5416666666666665,1.78,1.155,2.625,1.7525
43-9051.00,"Mail Clerks and Mail Machine Operators, Except Postal Service",0.12310462743896013,2.3742857142857146,2.313333333333333,2.5650000000000004,1.5625,2.0833333333333335,1.53
35-2013.00,"Cooks, Private Household",0.12310161971068864,2.857142857142857,2.6650000000000005,2.2525,1.2175,2.5833333333333335,1.625
51-2011.00,"Aircraft Structure, Surfaces, Rigging, and Systems Assemblers",0.1230782028691779,2.802857142857143,2.5649999999999995,3.005,2.91,2.5216666666666665,1.9375
35-2015.00,"Cooks, Short Order",0.12307799832261672,2.5,2.75,1.935,1.0625,2.2083333333333335,1.4675
49-2096.00,"Electronic Equipment Installers and Repairers, Motor Vehicles",0.12307259791094485,2.787142857142857,2.8333333333333335,3.25,3.28,2.331666666666667,2.0325
53-1042.01,Recycling Coordinators,0.12305805396565822,3.0171428571428573,3.0816666666666666,2.1575,1.0625,2.938333333333333,1.72
53-6051.01,Aviation Inspectors,0.1230176171776489,3.2328571428571427,2.92,3.4375,2.3775,2.5216666666666665,2.0325
21-2021.00,"Directors, Religious Activities and Education",0.1229502139085736,3.518571428571428,3.605,1.655,1.0,2.936666666666667,1.7825
25-1111.00,"Criminal Justice and Law Enforcement Teachers, Postsecondary",0.12291743119266053,3.622857142857143,3.105,1.155,1.0,2.4983333333333335,1.595
33-2022.00,Forest Fire Inspectors and Prevention Specialists,0.1229045399318653,3.1771428571428575,3.1266666666666665,2.375,1.845,2.625,1.8425
21-1021.00,"Child, Family, and School Social Workers",0.12284832871137658,3.5714285714285716,3.7483333333333335,1.8425,1.0,2.5649999999999995,1.7825
51-4031.00,"Cutting, Punching, and Press Machine Setters, Operators, and Tenders, Metal and Plastic",0.1228007456397947,2.5885714285714285,2.2099999999999995,3.2825,2.1875,2.0,1.7175
51-4121.00,"Welders, Cutters, Solderers, and Brazers",0.12273110424276483,2.4657142857142853,2.0850000000000004,2.7475,1.8125,2.0399999999999996,1.56
49-2091.00,Avionics Technicians,0.1227200539005727,3.0700000000000003,2.795,3.47,3.3774999999999995,2.4783333333333335,2.125
53-6021.00,Parking Attendants,0.12264860033315728,2.357142857142857,2.6899999999999995,2.0275,1.25,1.9583333333333333,1.4375
11-9031.00,"Education and Childcare Administrators, Preschool and Daycare",0.12256523194011035,3.537142857142857,3.773333333333333,1.7825,1.0,3.33,1.875
47-2041.00,Carpet Installers,0.12240908690675355,2.6785714285714284,2.625,2.5600000000000005,1.815,2.186666666666667,1.655
29-2092.00,Hearing Aid Specialists,0.12234177474123473,2.888571428571429,3.206666666666667,2.435,1.8425,2.3966666666666665,1.78
53-7071.00,Gas Compressor and Gas Pumping Station Operators,0.12233845474683294,2.6957142857142857,2.5,3.5,2.31,2.2483333333333335,1.8475
27-2012.00,Producers and Directors,0.12227436480849449,3.3385714285714285,3.315,2.095,1.1875,3.2900000000000005,1.8425
41-2012.00,Gambling Change Persons and Booth Cashiers,0.12227161338120475,2.358571428571429,2.77,2.1875,1.56,2.125,1.5325
13-1032.00,"Insurance Appraisers, Auto Damage",0.12224141239685284,2.6799999999999997,2.815,2.22,1.405,2.315,1.5925
31-9093.00,Medical Equipment Preparers,0.12220179951681127,2.8228571428571425,2.395,3.1575,2.3125,2.331666666666667,1.8125
41-2022.00,Parts Salespersons,0.12217444717444716,2.6799999999999997,3.231666666666667,2.0925,1.72,2.1850000000000005,1.6575
47-2053.00,Terrazzo Workers and Finishers,0.12215870237150908,2.4642857142857144,2.3333333333333335,2.655,1.9675,2.0416666666666665,1.595
53-7121.00,"Tank Car, Truck, and Ship Loaders",0.12208207294104217,2.59,2.4166666666666665,3.25,2.125,2.436666666666667,1.7825
37-3011.00,Landscaping and Groundskeeping Workers,0.12202077816255856,2.25,2.2716666666666665,2.4975,1.9025,1.8533333333333335,1.4975
49-9052.00,Telecommunications Line Installers and Repairers,0.1219736905353223,2.731428571428572,2.52,3.0,2.6275,2.1683333333333334,1.8125
47-2081.00,Drywall and Ceiling Tile Installers,0.12195746861388676,2.4828571428571427,2.2083333333333335,2.375,1.9075,2.0416666666666665,1.53
35-1011.00,Chefs and Head Cooks,0.12195370134825742,3.3200000000000003,3.436666666666667,2.625,1.75,3.25,1.9975
37-1012.00,"First-Line Supervisors of Landscaping, Lawn Service, and Groundskeeping Workers",0.1218724836596566,3.2114285714285713,3.2283333333333335,2.8425,2.0,3.1283333333333334,2.0
21-1012.00,"Educational, Guidance, and Career Counselors and Advisors",0.12180249851279,3.4114285714285715,3.7266666666666666,1.3125,1.0,2.5,1.6575
31-1122.00,Personal Care Aides,0.12179219893104888,2.7157142857142853,3.1266666666666665,2.065,1.0,2.125,1.53
27-3043.00,Writers and Authors,0.12173544204084105,2.892857142857143,3.17,1.125,1.0,2.1650000000000005,1.435
51-4052.00,"Pourers and Casters, Metal",0.12172124579304451,2.5357142857142856,2.23,2.905,1.9675,2.105,1.6275
33-2011.00,Firefighters,0.12169386192271442,3.144285714285714,3.186666666666667,3.0,2.3475,2.5216666666666665,1.9675
27-3042.00,Technical Writers,0.12169088887973978,2.962857142857143,2.645,1.4675,1.0,2.0833333333333335,1.4075
39-9031.00,Exercise Trainers and Group Fitness Instructors,0.121627887946319,2.9657142857142853,3.188333333333333,1.815,1.405,2.1266666666666665,1.5925
43-5032.00,"Dispatchers, Except Police, Fire, and Ambulance",0.12162049283029373,2.944285714285715,3.0400000000000005,1.7175,1.0,2.5649999999999995,1.56
43-4171.00,Receptionists and Information Clerks,0.12147342164114916,2.4457142857142857,2.8716666666666666,1.47,1.0,1.94,1.345
31-1121.00,Home Health Aides,0.12143889786546476,2.8214285714285716,3.206666666666667,1.8125,1.0,2.2283333333333335,1.53
47-2142.00,Paperhangers,0.12140131807145335,2.358571428571428,2.3533333333333335,2.2525,1.155,1.831666666666667,1.375
49-2098.00,Security and Fire Alarm Systems Installers,0.12121911798660817,2.822857142857143,2.563333333333333,3.03,2.845,2.331666666666667,1.875
47-1011.03,Solar Energy Installation Managers,0.12117217383787522,3.0885714285714285,3.311666666666667,2.8425,2.0925,3.188333333333333,2.0025
35-2014.00,"Cooks, Restaurant",0.12116298363375819,2.5342857142857147,2.5233333333333334,2.4375,1.1875,2.4150000000000005,1.53
33-3051.00,Police and Sheriff's Patrol Officers,0.12113728037191496,3.0871428571428576,3.52,2.125,1.0925,2.418333333333333,1.6875
49-9012.00,"Control and Valve Installers and Repairers, Except Mechanical Door",0.1210086004691165,2.802857142857143,2.4583333333333335,3.09,2.9075,2.125,1.8425
39-5093.00,Shampooers,0.12093291102792972,2.1771428571428575,2.5416666666666665,1.5625,1.095,1.71,1.25
39-3091.00,Amusement and Recreation Attendants,0.12090935122310398,2.2842857142857147,2.5833333333333335,2.1275,1.405,1.8333333333333333,1.4075
51-9023.00,"Mixing and Blending Machine Setters, Operators, and Tenders",0.1207984398302168,2.64,2.25,3.37,2.37,2.143333333333333,1.755
53-3031.00,Driver/Sales Workers,0.12078220858895705,2.5357142857142856,2.77,2.3125,1.2175,2.0833333333333335,1.5
47-2042.00,"Floor Layers, Except Carpet, Wood, and Hard Tiles",0.12075016114345351,2.591428571428571,2.5666666666666664,2.0625,1.155,1.855,1.405
43-9071.00,"Office Machine Operators, Except Computer",0.12063023141309699,2.607142857142857,2.5,2.9675,2.2475,2.435,1.75
53-2022.00,Airfield Operations Specialists,0.12046190841989246,3.3042857142857143,3.125,2.405,1.0625,2.643333333333333,1.7175
53-6061.00,Passenger Attendants,0.12024891174150572,2.4271428571428575,3.168333333333333,2.2825,1.0,1.876666666666667,1.47
51-8013.00,Power Plant Operators,0.12019414215723684,2.9114285714285715,2.4166666666666665,3.5,2.56,2.3366666666666664,1.875
33-9032.00,Security Guards,0.119810354938425,2.731428571428572,2.7916666666666665,2.0925,1.03,1.8966666666666665,1.435
39-9041.00,Residential Advisors,0.1197999896901902,3.051428571428572,3.5416666666666665,1.875,1.0,2.7283333333333335,1.66
39-4021.00,Funeral Attendants,0.11948234661259786,2.2671428571428573,2.563333333333333,2.06,1.4075,1.835,1.375
11-9051.00,Food Service Managers,0.11944508670520232,3.231428571428572,3.435,2.28,1.53,3.125,1.845
41-9041.00,Telemarketers,0.11939742051240226,2.127142857142857,3.1033333333333335,1.1225,1.0,1.6450000000000002,1.22
37-3012.00,"Pesticide Handlers, Sprayers, and Applicators, Vegetation",0.11932431737543064,2.6257142857142854,2.606666666666666,2.6575,2.095,2.248333333333333,1.6575
49-3042.00,"Mobile Heavy Equipment Mechanics, Except Engines",0.1192386215998845,2.855714285714286,2.6683333333333334,3.7175,3.47,2.5416666666666665,2.065
47-3011.00,"Helpers--Brickmasons, Blockmasons, Stonemasons, and Tile and Marble Setters",0.11919716731019021,2.5728571428571425,2.335,2.75,2.065,2.063333333333333,1.595
11-3051.00,Industrial Production Managers,0.1191161285881462,3.6957142857142857,3.331666666666667,2.81,1.81,3.5866666666666664,2.06
51-9123.00,"Painting, Coating, and Decorating Workers",0.11910434544266166,2.2842857142857147,2.3766666666666665,1.935,1.375,1.9766666666666672,1.345
33-9011.00,Animal Control Workers,0.11893337528514118,2.8042857142857143,2.8733333333333335,1.72,1.125,2.145,1.44
49-2011.00,"Computer, Automated Teller, and Office Machine Repairers",0.11888443467390836,2.9457142857142857,2.7916666666666665,3.125,3.28,2.4583333333333335,1.97
33-1021.00,First-Line Supervisors of Firefighting and Prevention Workers,0.11881320443711856,3.2485714285714287,3.455,2.5925,1.9375,2.895,1.905
27-4014.00,Sound Engineering Technicians,0.11876901474373977,2.855714285714286,2.8333333333333335,2.9375,2.28,2.5416666666666665,1.8125
35-1012.00,First-Line Supervisors of Food Preparation and Serving Workers,0.11875525108253086,3.052857142857143,3.48,2.25,1.06,3.143333333333333,1.75
51-9198.00,Helpers--Production Workers,0.11871988988300068,2.25,2.186666666666667,2.5275,1.81,1.8966666666666665,1.4375
51-4022.00,"Forging Machine Setters, Operators, and Tenders, Metal and Plastic",0.1187148813533309,2.5728571428571425,2.438333333333333,3.0325,2.2175,2.043333333333333,1.6575
41-1012.00,First-Line Supervisors of Non-Retail Sales Workers,0.11871113623516111,3.41,3.5833333333333335,1.685,1.0,3.313333333333333,1.75
43-2011.00,"Switchboard Operators, Including Answering Service",0.11859574187014245,2.3757142857142854,2.686666666666667,1.7175,1.0,1.7516666666666665,1.2825
31-2012.00,Occupational Therapy Aides,0.11857643130548091,2.9285714285714284,3.188333333333333,2.065,1.3125,2.1016666666666666,1.56
43-5053.00,"Postal Service Mail Sorters, Processors, and Processing Machine Operators",0.11850349425656681,2.462857142857142,2.375,2.5,1.28,1.8333333333333333,1.405
51-9197.00,Tire Builders,0.11849969087037164,2.34,2.0216666666666665,2.7775,1.6575,1.8966666666666665,1.4375
25-1125.00,"History Teachers, Postsecondary",0.11849303938031526,3.5714285714285716,3.2483333333333335,1.1575,1.0,2.6466666666666665,1.5625
49-2092.00,"Electric Motor, Power Tool, and Related Repairers",0.11842564520213254,2.9457142857142857,2.605,3.595,3.6875,2.5016666666666665,2.06
39-3031.00,"Ushers, Lobby Attendants, and Ticket Takers",0.11841005081148295,2.2671428571428573,2.8350000000000004,1.875,1.0,1.8133333333333332,1.315
23-1011.00,Lawyers,0.11827397972446062,3.6242857142857146,3.581666666666667,1.095,1.0,2.813333333333333,1.625
49-1011.00,"First-Line Supervisors of Mechanics, Installers, and Repairers",0.11825864001557183,3.355714285714286,3.145,3.28,2.565,3.293333333333333,2.0975
11-3071.00,"Transportation, Storage, and Distribution Managers",0.1182551826450325,3.372857142857143,3.4983333333333335,2.22,1.09,3.3333333333333335,1.8125
25-2012.00,"Kindergarten Teachers, Except Special Education",0.11823300129926374,3.2857142857142856,3.685000000000001,1.565,1.0,2.5833333333333335,1.625
13-1074.00,Farm Labor Contractors,0.11813103495504661,2.4828571428571427,2.768333333333334,2.095,1.03,2.355,1.4375
47-2152.04,Solar Thermal Installers and Technicians,0.11812509380963615,2.8385714285714285,2.8766666666666665,3.1575,3.3774999999999995,2.438333333333333,1.9675
33-1011.00,First-Line Supervisors of Correctional Officers,0.1180670831908309,3.265714285714286,3.52,1.9675,1.0,2.8333333333333335,1.685
47-2121.00,Glaziers,0.11800404585300067,2.518571428571428,2.4783333333333335,2.5025,2.0325,2.1466666666666665,1.5625
39-5011.00,Barbers,0.11797399642775176,2.501428571428572,2.4350000000000005,1.94,1.69,1.9566666666666668,1.4075
49-9071.00,"Maintenance and Repair Workers, General",0.11792032996852275,2.854285714285715,2.523333333333333,3.2775,3.4399999999999995,2.4166666666666665,1.94
11-1021.00,General and Operations Managers,0.11791054192164532,3.462857142857143,3.5,2.065,1.0,3.2883333333333336,1.78
51-9041.00,"Extruding, Forming, Pressing, and Compacting Machine Setters, Operators, and Tenders",0.1178753513301523,2.697142857142857,2.2716666666666665,3.375,2.4075,2.1016666666666666,1.7175
27-1011.00,Art Directors,0.11787259397424937,3.4285714285714284,3.2283333333333335,1.4975,1.09,2.9166666666666665,1.625
51-9193.00,Cooling and Freezing Equipment Operators and Tenders,0.11774820574162681,3.0171428571428573,2.606666666666666,3.4675,2.6225,2.3349999999999995,1.875
27-4032.00,Film and Video Editors,0.11774121262564825,2.9800000000000004,2.668333333333333,2.1275,1.3775,2.33,1.5325
27-3092.00,Court Reporters and Simultaneous Captioners,0.11772497723321469,2.16,1.875,1.875,1.2825,1.6883333333333332,1.185
51-9191.00,Adhesive Bonding Machine Operators and Tenders,0.11771761480466073,2.5700000000000003,2.3766666666666665,3.4375,2.28,2.2083333333333335,1.7175
47-3015.00,"Helpers--Pipelayers, Plumbers, Pipefitters, and Steamfitters",0.1175695379093764,2.447142857142857,2.2716666666666665,2.2825,2.28,1.9583333333333333,1.4975
13-1023.00,"Purchasing Agents, Except Wholesale, Retail, and Farm Products",0.11747691899686728,3.4828571428571427,3.436666666666667,1.5925,1.0,3.1650000000000005,1.6875
43-5011.00,Cargo and Freight Agents,0.11747240268806194,2.6785714285714284,2.9166666666666665,2.0625,1.465,2.1650000000000005,1.5025
53-5011.00,Sailors and Marine Oilers,0.1174368178211873,2.7142857142857144,2.7716666666666665,3.405,2.4375,2.311666666666667,1.815
37-2021.00,Pest Control Workers,0.11740540540540541,3.0700000000000003,3.145,2.78,1.905,2.706666666666667,1.81
47-2132.00,"Insulation Workers, Mechanical",0.11735886664865922,2.607142857142857,2.393333333333333,2.5600000000000005,1.6575,2.063333333333333,1.5
49-3031.00,Bus and Truck Mechanics and Diesel Engine Specialists,0.11733327381483798,2.8214285714285716,2.311666666666667,3.4375,3.155,2.398333333333333,1.8775
35-2012.00,"Cooks, Institution and Cafeteria",0.11732347758820749,2.8214285714285716,2.811666666666667,2.78,1.1875,2.625,1.625
49-3021.00,Automotive Body and Related Repairers,0.11731656318334903,2.698571428571428,2.6266666666666665,3.0,2.655,2.186666666666667,1.75
47-2111.00,Electricians,0.11725551139411108,3.1242857142857146,2.875,3.3425,3.1875,2.7533333333333325,2.03
51-4194.00,"Tool Grinders, Filers, and Sharpeners",0.11719291223424726,2.734285714285714,2.3333333333333335,3.5325,2.72,2.3333333333333335,1.8125
51-4193.00,"Plating Machine Setters, Operators, and Tenders, Metal and Plastic",0.11713995943204868,2.5528571428571425,2.48,2.9375,1.9675,2.0833333333333335,1.595
45-2092.00,"Farmworkers and Laborers, Crop, Nursery, and Greenhouse",0.11710070712364783,2.4114285714285715,2.4166666666666665,2.7475000000000005,2.3425,2.315,1.6225
51-4081.00,"Multiple Machine Tool Setters, Operators, and Tenders, Metal and Plastic",0.11702846264853083,2.7857142857142856,2.606666666666667,3.375,2.655,2.2716666666666665,1.815
35-2021.00,Food Preparation Workers,0.11699555416894158,2.09,2.3966666666666665,1.9375,1.03,1.98,1.25
35-3011.00,Bartenders,0.11690914489311165,2.697142857142857,3.1650000000000005,1.9375,1.0925,2.438333333333333,1.5
11-3013.00,Facilities Managers,0.11690599357830896,3.197142857142857,3.268333333333333,2.6575,2.0,3.0216666666666665,1.8725
53-7051.00,Industrial Truck and Tractor Operators,0.11671862474392089,2.337142857142857,2.2900000000000005,3.0325,2.0625,2.0833333333333335,1.56
47-2181.00,Roofers,0.11670712513671407,2.6057142857142854,2.5833333333333335,2.625,1.845,2.1666666666666665,1.5625
33-9091.00,Crossing Guards and Flaggers,0.11668771423416922,2.3057142857142856,2.436666666666667,1.3125,1.0,1.6883333333333332,1.155
47-3016.00,Helpers--Roofers,0.11658376265766567,2.4457142857142857,2.4983333333333335,2.41,2.3425,2.143333333333333,1.5625
49-9043.00,"Maintenance Workers, Machinery",0.11655172932443915,2.6257142857142854,2.3716666666666666,3.56,3.2825,2.145,1.845
