minor_group,minor_group_name,SOC_Code_Cleaned,OCC_TITLE,TOT_EMP,A_MEAN,economic_value,automation_susceptibility,is_potentially_at_risk,potential_index,enhanced_automation_risk,is_currently_at_risk,estimated_zapier_apps,zapier_apps_per_worker
111,111,111011,Chief Executives,920.0,194980.0,179381600.0,37.70348139255702,False,0.0,28.27761104441777,False,0.0,0.0
111,111,111021,General and Operations Managers,6150.0,120820.0,743043000.0,43.23811442385173,False,0.0,32.428585817888795,False,0.0,0.0
111,111,111031,Legislators,330.0,88680.0,29264400.0,32.90533088235294,False,0.0,24.678998161764703,False,0.0,0.0
112,112,112021,Marketing Managers,160.0,112320.0,17971200.0,55.71130030959752,True,100.0,41.78347523219814,False,0.0,0.0
112,112,112022,Sales Managers,820.0,106170.0,87059400.0,42.214734437464315,False,0.0,31.661050828098237,False,0.0,0.0
112,112,112032,Public Relations Managers,210.0,121450.0,25504500.0,39.88591800356507,False,0.0,29.9144385026738,False,0.0,0.0
112,112,112033,Fundraising Managers,,93110.0,,38.0171568627451,False,0.0,28.51286764705882,False,0.0,0.0
113,113,113012,Administrative Services Managers,780.0,110710.0,86353800.0,40.91859243697479,False,0.0,30.688944327731093,False,0.0,0.0
113,113,113013,Facilities Managers,790.0,121320.0,95842800.0,40.78235294117648,False,0.0,30.58676470588236,False,0.0,0.0
113,113,113021,Computer and Information Systems Managers,640.0,137010.0,87686400.0,55.72465935526753,True,100.0,41.79349451645065,False,0.0,0.0
113,113,113031,Financial Managers,1930.0,149100.0,287763000.0,43.44205443371379,False,0.0,32.58154082528535,False,0.0,0.0
113,113,113051,Industrial Production Managers,320.0,132060.0,42259200.0,32.02592223330009,False,0.0,24.019441674975067,False,0.0,0.0
113,113,113061,Purchasing Managers,120.0,111580.0,13389600.0,34.35294117647059,False,0.0,25.76470588235294,False,0.0,0.0
113,113,113071,"Transportation, Storage, and Distribution Managers",950.0,117430.0,111558500.0,29.95125272331155,False,0.0,22.463439542483663,False,0.0,0.0
113,113,113111,Compensation and Benefits Managers,40.0,100750.0,4030000.0,28.02462380300958,False,0.0,21.01846785225718,False,0.0,0.0
113,113,113121,Human Resources Managers,380.0,121080.0,46010400.0,26.166666666666664,False,0.0,19.624999999999996,False,0.0,0.0
113,113,113131,Training and Development Managers,80.0,123700.0,9896000.0,24.653492647058826,False,0.0,18.49011948529412,False,0.0,0.0
119,119,119021,Construction Managers,1380.0,143450.0,197961000.0,38.31066176470588,False,0.0,28.73299632352941,False,0.0,0.0
119,119,119031,"Education and Childcare Administrators, Preschool and Daycare",100.0,67975.0,6797500.0,37.67647058823529,False,0.0,28.257352941176467,False,0.0,0.0
119,119,119032,"Education Administrators, Kindergarten through Secondary",730.0,119520.0,87249600.0,37.525735294117645,False,0.0,28.144301470588236,False,0.0,0.0
119,119,119033,"Education Administrators, Postsecondary",110.0,133830.0,14721300.0,33.67846460618147,False,0.0,25.2588484546361,False,0.0,0.0
119,119,119039,"Education Administrators, All Other",300.0,93800.0,28140000.0,35.95915032679739,False,0.0,26.969362745098042,False,0.0,0.0
119,119,119041,Architectural and Engineering Managers,600.0,158760.0,95256000.0,63.00718455321059,True,100.0,47.25538841490795,False,0.0,0.0
119,119,119051,Food Service Managers,340.0,69310.0,23565400.0,27.344645550527908,False,0.0,20.50848416289593,False,0.0,0.0
119,119,119072,"Entertainment and Recreation Managers, Except Gambling",80.0,79240.0,6339200.0,41.748161764705884,False,0.0,31.311121323529413,False,0.0,0.0
119,119,119081,Lodging Managers,130.0,69880.0,9084400.0,20.308316430020287,False,0.0,15.231237322515215,False,0.0,0.0
119,119,119111,Medical and Health Services Managers,1300.0,148550.0,193115000.0,41.0829087540528,False,0.0,30.812181565539603,False,0.0,0.0
119,119,119121,Natural Sciences Managers,640.0,119140.0,76249600.0,54.44624746450305,True,100.0,40.834685598377284,False,0.0,0.0
119,119,119131,Postmasters and Mail Superintendents,160.0,63500.0,10160000.0,28.94582043343653,False,0.0,21.7093653250774,False,0.0,0.0
119,119,119141,"Property, Real Estate, and Community Association Managers",580.0,70660.0,40982800.0,35.72153700189754,False,0.0,26.79115275142315,False,0.0,0.0
119,119,119151,Social and Community Service Managers,970.0,88420.0,85767400.0,30.88368983957219,False,0.0,23.162767379679146,False,0.0,0.0
119,119,119161,Emergency Management Directors,130.0,114330.0,14862900.0,28.969362745098042,False,0.0,21.72702205882353,False,0.0,0.0
119,119,119179,"Personal Service Managers, All Other",80.0,76790.0,6143200.0,38.444852941176464,False,0.0,28.83363970588235,False,0.0,0.0
119,119,119199,"Managers, All Other",1310.0,127900.0,167549000.0,35.54518329070759,False,0.0,26.658887468030695,False,0.0,0.0
131,131,131020,Buyers and Purchasing Agents,810.0,81100.0,65691000.0,35.95915032679739,False,0.0,26.969362745098042,False,0.0,0.0
131,131,131031,"Claims Adjusters, Examiners, and Investigators",200.0,87620.0,17524000.0,29.341659951651888,False,0.0,22.006244963738915,False,0.0,0.0
131,131,131041,Compliance Officers,720.0,87610.0,63079200.0,38.1764705882353,False,0.0,28.63235294117647,False,0.0,0.0
131,131,131051,Cost Estimators,120.0,82190.0,9862800.0,33.740349264705884,False,0.0,25.305261948529413,False,0.0,0.0
131,131,131071,Human Resources Specialists,1370.0,74070.0,101475900.0,41.717852257181946,False,0.0,31.288389192886463,False,0.0,0.0
131,131,131075,Labor Relations Specialists,130.0,110010.0,14301300.0,29.477941176470594,False,0.0,22.108455882352946,False,0.0,0.0
131,131,131081,Logisticians,490.0,89430.0,43820700.0,42.03245436105477,False,0.0,31.524340770791078,False,0.0,0.0
131,131,131082,Project Management Specialists,1310.0,110740.0,145069400.0,44.81045751633988,False,0.0,33.60784313725491,False,0.0,0.0
131,131,131111,Management Analysts,380.0,105470.0,40078600.0,67.4488017429194,True,100.0,50.58660130718955,False,0.0,0.0
131,131,131121,"Meeting, Convention, and Event Planners",210.0,48460.0,10176600.0,32.603879849812266,False,0.0,24.4529098873592,False,0.0,0.0
131,131,131131,Fundraisers,220.0,63740.0,14022800.0,30.213507625272328,False,0.0,22.660130718954246,False,0.0,0.0
131,131,131141,"Compensation, Benefits, and Job Analysis Specialists",180.0,76430.0,13757400.0,27.023284313725505,False,0.0,20.267463235294127,False,0.0,0.0
131,131,131151,Training and Development Specialists,650.0,73460.0,47749000.0,33.999748617395674,False,0.0,25.499811463046758,False,0.0,0.0
131,131,131161,Market Research Analysts and Marketing Specialists,350.0,69210.0,24223500.0,49.710619818397156,False,0.0,37.282964863797865,False,0.0,0.0
131,131,131199,"Business Operations Specialists, All Other",2060.0,89520.0,184411200.0,40.366454689984096,False,0.0,30.274841017488068,False,0.0,0.0
132,132,132011,Accountants and Auditors,2430.0,82480.0,200426400.0,43.40007383706621,False,0.0,32.55005537779966,False,0.0,0.0
132,132,132020,Property Appraisers and Assessors,170.0,78380.0,13324600.0,35.95915032679739,False,0.0,26.969362745098042,False,0.0,0.0
132,132,132031,Budget Analysts,280.0,92660.0,25944800.0,34.568295114656046,False,0.0,25.926221335992032,False,0.0,0.0
132,132,132041,Credit Analysts,30.0,71990.0,2159700.0,29.152797704447643,False,0.0,21.86459827833573,False,0.0,0.0
132,132,132051,Financial and Investment Analysts,270.0,110580.0,29856600.0,39.89909002274943,False,0.0,29.92431751706207,False,0.0,0.0
132,132,132052,Personal Financial Advisors,120.0,226650.0,27198000.0,23.862745098039216,False,0.0,17.897058823529413,False,0.0,0.0
132,132,132053,Insurance Underwriters,60.0,84690.0,5081400.0,33.06693711967546,False,0.0,24.800202839756597,False,0.0,0.0
132,132,132054,Financial Risk Specialists,50.0,100120.0,5006000.0,43.43048128342247,False,0.0,32.57286096256685,False,0.0,0.0
132,132,132061,Financial Examiners,110.0,66450.0,7309500.0,29.791075050709942,False,0.0,22.343306288032455,False,0.0,0.0
132,132,132072,Loan Officers,550.0,81420.0,44781000.0,21.290441176470594,False,0.0,15.967830882352946,False,0.0,0.0
132,132,132081,"Tax Examiners and Collectors, and Revenue Agents",60.0,96210.0,5772600.0,33.27005347593583,False,0.0,24.952540106951876,False,0.0,0.0
132,132,132082,Tax Preparers,120.0,67440.0,8092800.0,15.238795518207283,False,0.0,11.429096638655462,False,0.0,0.0
132,132,132099,"Financial Specialists, All Other",110.0,86770.0,9544700.0,65.62418300653596,True,100.0,49.218137254901976,False,0.0,0.0
151,151,151211,Computer Systems Analysts,430.0,88210.0,37930300.0,72.19112918479289,True,100.0,54.14334688859467,False,0.0,0.0
151,151,151212,Information Security Analysts,180.0,105670.0,19020600.0,61.08883553421369,True,100.0,45.81662665066027,False,0.0,0.0
151,151,151231,Computer Network Support Specialists,330.0,95560.0,31534800.0,36.4203431372549,False,0.0,27.315257352941174,False,0.0,0.0
151,151,151232,Computer User Support Specialists,860.0,63070.0,54240200.0,68.35995989304813,True,100.0,51.26996991978609,False,0.0,0.0
151,151,151241,Computer Network Architects,160.0,109980.0,17596800.0,64.05437033968518,True,100.0,48.04077775476388,False,0.0,0.0
151,151,151242,Database Administrators,90.0,90370.0,8133300.0,71.48555211558308,True,100.0,53.61416408668731,False,0.0,0.0
151,151,151243,Database Architects,50.0,125650.0,6282500.0,74.39632809645599,True,100.0,55.79724607234199,False,0.0,0.0
151,151,151244,Network and Computer Systems Administrators,710.0,90830.0,64489300.0,63.465170278637764,True,100.0,47.59887770897832,False,0.0,0.0
151,151,151251,Computer Programmers,430.0,95490.0,41060700.0,75.6766706682673,True,100.0,56.75750300120048,False,0.0,0.0
151,151,151252,Software Developers,280.0,145630.0,40776400.0,87.10588235294118,True,100.0,65.32941176470588,True,0.0,0.0
151,151,151253,Software Quality Assurance Analysts and Testers,,107600.0,,83.68235294117648,True,100.0,62.76176470588235,True,0.0,0.0
151,151,151254,Web Developers,60.0,98970.0,5938200.0,74.42848671726756,True,100.0,55.82136503795068,False,0.0,0.0
151,151,151255,Web and Digital Interface Designers,60.0,71020.0,4261200.0,72.85982478097624,True,100.0,54.644868585732176,False,0.0,0.0
151,151,151299,"Computer Occupations, All Other",560.0,104450.0,58492000.0,49.5773034877668,False,0.0,37.182977615825095,False,0.0,0.0
152,152,152031,Operations Research Analysts,90.0,97410.0,8766900.0,53.0170278637771,True,100.0,39.76277089783282,False,0.0,0.0
152,152,152041,Statisticians,50.0,101730.0,5086500.0,55.4002557544757,True,100.0,41.55019181585678,False,0.0,0.0
152,152,152051,Data Scientists,200.0,91710.0,18342000.0,61.89090287277701,True,100.0,46.41817715458276,False,0.0,0.0
152,152,152099,"Mathematical Science Occupations, All Other",90.0,74760.0,6728400.0,58.63235294117647,True,100.0,43.97426470588235,False,0.0,0.0
171,171,171011,"Architects, Except Landscape and Naval",150.0,111150.0,16672500.0,52.78956089478045,True,100.0,39.592170671085334,False,0.0,0.0
171,171,171021,Cartographers and Photogrammetrists,70.0,86670.0,6066900.0,40.8485092667204,False,0.0,30.636381950040303,False,0.0,0.0
171,171,171022,Surveyors,320.0,88580.0,28345600.0,29.795318127250898,False,0.0,22.346488595438174,False,0.0,0.0
172,172,172011,Aerospace Engineers,130.0,100370.0,13048100.0,54.55882352941177,True,100.0,40.919117647058826,False,0.0,0.0
172,172,172041,Chemical Engineers,40.0,67975.0,2719000.0,48.43382352941176,False,0.0,36.32536764705882,False,0.0,0.0
172,172,172051,Civil Engineers,1630.0,110940.0,180832200.0,49.415341812400634,False,0.0,37.06150635930047,False,0.0,0.0
172,172,172061,Computer Hardware Engineers,70.0,131920.0,9234400.0,53.56085192697768,True,100.0,40.170638945233264,False,0.0,0.0
172,172,172071,Electrical Engineers,510.0,108220.0,55192200.0,55.766875602700104,True,100.0,41.825156702025076,False,0.0,0.0
172,172,172072,"Electronics Engineers, Except Computer",290.0,119810.0,34744900.0,51.40610859728506,True,100.0,38.5545814479638,False,0.0,0.0
172,172,172081,Environmental Engineers,240.0,111410.0,26738400.0,43.152406417112296,False,0.0,32.36430481283422,False,0.0,0.0
172,172,172111,"Health and Safety Engineers, Except Mining Safety Engineers and Inspectors",100.0,124880.0,12488000.0,45.83426073131956,False,0.0,34.375695548489674,False,0.0,0.0
172,172,172121,Marine Engineers and Naval Architects,40.0,67975.0,2719000.0,48.39338235294118,False,0.0,36.29503676470589,False,0.0,0.0
172,172,172131,Materials Engineers,50.0,117330.0,5866500.0,49.40479876160991,False,0.0,37.05359907120743,False,0.0,0.0
172,172,172141,Mechanical Engineers,420.0,110340.0,46342800.0,54.05945604048071,True,100.0,40.54459203036054,False,0.0,0.0
172,172,172151,"Mining and Geological Engineers, Including Mining Safety Engineers",320.0,128760.0,41203200.0,44.84967320261439,False,0.0,33.637254901960794,False,0.0,0.0
172,172,172171,Petroleum Engineers,320.0,145140.0,46444800.0,53.68300653594771,True,100.0,40.26225490196078,False,0.0,0.0
172,172,172199,"Engineers, All Other",310.0,120390.0,37320900.0,50.11965240641712,True,100.0,37.58973930481284,False,0.0,0.0
173,173,173011,Architectural and Civil Drafters,140.0,86390.0,12094600.0,48.202251270878726,False,0.0,36.151688453159046,False,0.0,0.0
173,173,173012,Electrical and Electronics Drafters,80.0,67975.0,5438000.0,50.25696594427244,True,100.0,37.69272445820433,False,0.0,0.0
173,173,173022,Civil Engineering Technologists and Technicians,330.0,65850.0,21730500.0,44.472766884531595,False,0.0,33.3545751633987,False,0.0,0.0
173,173,173023,Electrical and Electronic Engineering Technologists and Technicians,320.0,92730.0,29673600.0,52.65832875206156,True,100.0,39.49374656404617,False,0.0,0.0
173,173,173024,Electro-Mechanical and Mechatronics Technologists and Technicians,30.0,67975.0,2039250.0,46.04719562243503,False,0.0,34.53539671682627,False,0.0,0.0
173,173,173025,Environmental Engineering Technologists and Technicians,50.0,73180.0,3659000.0,42.38960515713134,False,0.0,31.792203867848507,False,0.0,0.0
173,173,173028,Calibration Technologists and Technicians,30.0,67975.0,2039250.0,65.76470588235293,True,100.0,49.323529411764696,False,0.0,0.0
173,173,173029,"Engineering Technologists and Technicians, Except Drafters, All Other",480.0,76450.0,36696000.0,44.970588235294116,False,0.0,33.72794117647059,False,0.0,0.0
173,173,173031,Surveying and Mapping Technicians,300.0,69210.0,20763000.0,40.09103641456583,False,0.0,30.068277310924373,False,0.0,0.0
191,191,191013,Soil and Plant Scientists,30.0,77570.0,2327100.0,44.37418300653595,False,0.0,33.28063725490196,False,0.0,0.0
191,191,191022,Microbiologists,30.0,76330.0,2289900.0,42.73856209150327,False,0.0,32.05392156862745,False,0.0,0.0
191,191,191023,Zoologists and Wildlife Biologists,680.0,84770.0,57643600.0,40.76906318082789,False,0.0,30.576797385620917,False,0.0,0.0
191,191,191029,"Biological Scientists, All Other",420.0,92280.0,38757600.0,65.10137672090113,True,100.0,48.82603254067585,False,0.0,0.0
191,191,191031,Conservation Scientists,400.0,81980.0,32792000.0,41.6395173453997,False,0.0,31.229638009049776,False,0.0,0.0
191,191,191032,Foresters,70.0,80020.0,5601400.0,32.020053475935825,False,0.0,24.01504010695187,False,0.0,0.0
191,191,191041,Epidemiologists,50.0,100160.0,5008000.0,45.06283422459894,False,0.0,33.797125668449205,False,0.0,0.0
191,191,191042,"Medical Scientists, Except Epidemiologists",70.0,99710.0,6979700.0,49.21377331420373,False,0.0,36.910329985652794,False,0.0,0.0
192,192,192021,Atmospheric and Space Scientists,160.0,98710.0,15793600.0,50.149859943977596,True,100.0,37.6123949579832,False,0.0,0.0
192,192,192031,Chemists,40.0,91740.0,3669600.0,46.8416599516519,False,0.0,35.13124496373892,False,0.0,0.0
192,192,192041,"Environmental Scientists and Specialists, Including Health",730.0,92180.0,67291400.0,42.52941176470589,False,0.0,31.897058823529424,False,0.0,0.0
192,192,192042,"Geoscientists, Except Hydrologists and Geographers",370.0,105780.0,39138600.0,50.702361226180614,True,100.0,38.02677091963546,False,0.0,0.0
192,192,192099,"Physical Scientists, All Other",130.0,111110.0,14444300.0,60.863846662260414,True,100.0,45.64788499669531,False,0.0,0.0
193,193,193011,Economists,,101560.0,,53.10784313725492,True,100.0,39.83088235294119,False,0.0,0.0
193,193,193033,Clinical and Counseling Psychologists,120.0,109300.0,13116000.0,19.53904665314402,False,0.0,14.654284989858017,False,0.0,0.0
193,193,193034,School Psychologists,80.0,102590.0,8207200.0,28.94607843137254,False,0.0,21.709558823529406,False,0.0,0.0
193,193,193051,Urban and Regional Planners,210.0,80690.0,16944900.0,41.63830532212886,False,0.0,31.228728991596643,False,0.0,0.0
193,193,193091,Anthropologists and Archeologists,160.0,84320.0,13491200.0,41.26321036889331,False,0.0,30.947407776669984,False,0.0,0.0
193,193,193099,"Social Scientists and Related Workers, All Other",220.0,83780.0,18431600.0,51.54831932773109,True,100.0,38.66123949579832,False,0.0,0.0
194,194,194021,Biological Technicians,600.0,54370.0,32622000.0,43.12477718360071,False,0.0,32.34358288770054,False,0.0,0.0
194,194,194031,Chemical Technicians,110.0,61810.0,6799100.0,58.22794117647059,True,100.0,43.67095588235294,False,0.0,0.0
194,194,194042,"Environmental Science and Protection Technicians, Including Health",300.0,59540.0,17862000.0,37.82174688057041,False,0.0,28.366310160427805,False,0.0,0.0
194,194,194043,"Geological Technicians, Except Hydrologic Technicians",90.0,95280.0,8575200.0,35.83251633986928,False,0.0,26.87438725490196,False,0.0,0.0
194,194,194071,Forest and Conservation Technicians,460.0,55510.0,25534600.0,31.845938375350137,False,0.0,23.8844537815126,False,0.0,0.0
194,194,194092,Forensic Science Technicians,50.0,75500.0,3775000.0,38.29595588235294,False,0.0,28.721966911764707,False,0.0,0.0
194,194,194099,"Life, Physical, and Social Science Technicians, All Other",230.0,75610.0,17390300.0,43.20588235294118,False,0.0,32.404411764705884,False,0.0,0.0
195,195,195011,Occupational Health and Safety Specialists,290.0,93540.0,27126600.0,40.63602941176471,False,0.0,30.477022058823533,False,0.0,0.0
195,195,195012,Occupational Health and Safety Technicians,230.0,81390.0,18719700.0,35.42914438502673,False,0.0,26.571858288770052,False,0.0,0.0
211,211,211012,"Educational, Guidance, and Career Counselors and Advisors",460.0,71660.0,32963600.0,32.47775263951734,False,0.0,24.358314479638008,False,0.0,0.0
211,211,211013,Marriage and Family Therapists,60.0,74420.0,4465200.0,20.71783088235294,False,0.0,15.538373161764705,False,0.0,0.0
211,211,211015,Rehabilitation Counselors,120.0,69370.0,8324400.0,20.582542694497153,False,0.0,15.436907020872864,False,0.0,0.0
211,211,211018,"Substance Abuse, Behavioral Disorder, and Mental Health Counselors",1120.0,77430.0,86721600.0,35.95915032679739,False,0.0,26.969362745098042,False,0.0,0.0
211,211,211019,"Counselors, All Other",100.0,50450.0,5045000.0,35.95915032679739,False,0.0,26.969362745098042,False,0.0,0.0
211,211,211021,"Child, Family, and School Social Workers",1610.0,65840.0,106002400.0,40.67647058823529,False,0.0,30.507352941176467,False,0.0,0.0
211,211,211022,Healthcare Social Workers,220.0,69820.0,15360400.0,22.362745098039216,False,0.0,16.772058823529413,False,0.0,0.0
211,211,211023,Mental Health and Substance Abuse Social Workers,290.0,63680.0,18467200.0,25.270361990950228,False,0.0,18.952771493212673,False,0.0,0.0
211,211,211029,"Social Workers, All Other",390.0,68670.0,26781300.0,35.95915032679739,False,0.0,26.969362745098042,False,0.0,0.0
211,211,211091,Health Education Specialists,300.0,67810.0,20343000.0,34.227621483375955,False,0.0,25.670716112531967,False,0.0,0.0
211,211,211093,Social and Human Service Assistants,1280.0,46800.0,59904000.0,36.33710407239819,False,0.0,27.252828054298643,False,0.0,0.0
211,211,211094,Community Health Workers,540.0,59230.0,31984200.0,45.75420168067227,False,0.0,34.3156512605042,False,0.0,0.0
211,211,211099,"Community and Social Service Specialists, All Other",390.0,57490.0,22421100.0,35.95915032679739,False,0.0,26.969362745098042,False,0.0,0.0
212,212,212011,Clergy,140.0,61420.0,8598800.0,33.28676470588235,False,0.0,24.965073529411764,False,0.0,0.0
212,212,212021,"Directors, Religious Activities and Education",50.0,58430.0,2921500.0,37.10371517027863,False,0.0,27.827786377708975,False,0.0,0.0
231,231,231011,Lawyers,1050.0,136740.0,143577000.0,36.6537748957851,False,0.0,27.49033117183882,False,0.0,0.0
231,231,231012,Judicial Law Clerks,70.0,61950.0,4336500.0,24.860294117647058,False,0.0,18.645220588235293,False,0.0,0.0
231,231,231023,"Judges, Magistrate Judges, and Magistrates",140.0,158240.0,22153600.0,28.228758169934643,False,0.0,21.17156862745098,False,0.0,0.0
232,232,232011,Paralegals and Legal Assistants,760.0,63180.0,48016800.0,32.96019013666073,False,0.0,24.720142602495546,False,0.0,0.0
232,232,232093,"Title Examiners, Abstractors, and Searchers",50.0,72220.0,3611000.0,35.5838779956427,False,0.0,26.687908496732028,False,0.0,0.0
232,232,232099,"Legal Support Workers, All Other",90.0,78850.0,7096500.0,35.95915032679739,False,0.0,26.969362745098042,False,0.0,0.0
251,251,251011,"Business Teachers, Postsecondary",80.0,144600.0,11568000.0,28.374080882352935,False,0.0,21.280560661764703,False,0.0,0.0
251,251,251021,"Computer Science Teachers, Postsecondary",30.0,122300.0,3669000.0,41.19919786096257,False,0.0,30.899398395721928,False,0.0,0.0
251,251,251022,"Mathematical Science Teachers, Postsecondary",60.0,98190.0,5891400.0,35.39869281045752,False,0.0,26.54901960784314,False,0.0,0.0
251,251,251032,"Engineering Teachers, Postsecondary",80.0,115190.0,9215200.0,42.74598930481284,False,0.0,32.05949197860963,False,0.0,0.0
251,251,251042,"Biological Science Teachers, Postsecondary",60.0,99620.0,5977200.0,33.87848297213622,False,0.0,25.408862229102162,False,0.0,0.0
251,251,251051,"Atmospheric, Earth, Marine, and Space Sciences Teachers, Postsecondary",30.0,111530.0,3345900.0,37.28235294117647,False,0.0,27.961764705882352,False,0.0,0.0
251,251,251061,"Anthropology and Archeology Teachers, Postsecondary",30.0,90530.0,2715900.0,29.51307189542484,False,0.0,22.13480392156863,False,0.0,0.0
251,251,251062,"Area, Ethnic, and Cultural Studies Teachers, Postsecondary",30.0,90980.0,2729400.0,23.240196078431378,False,0.0,17.430147058823533,False,0.0,0.0
251,251,251066,"Psychology Teachers, Postsecondary",60.0,89700.0,5382000.0,33.67263427109974,False,0.0,25.254475703324804,False,0.0,0.0
251,251,251071,"Health Specialties Teachers, Postsecondary",220.0,79660.0,17525200.0,23.903361344537817,False,0.0,17.927521008403364,False,0.0,0.0
251,251,251072,"Nursing Instructors and Teachers, Postsecondary",190.0,98870.0,18785300.0,22.19852941176471,False,0.0,16.648897058823533,False,0.0,0.0
251,251,251081,"Education Teachers, Postsecondary",60.0,98580.0,5914800.0,26.041176470588233,False,0.0,19.530882352941177,False,0.0,0.0
251,251,251121,"Art, Drama, and Music Teachers, Postsecondary",60.0,76210.0,4572600.0,35.149237472766885,False,0.0,26.361928104575167,False,0.0,0.0
251,251,251122,"Communications Teachers, Postsecondary",40.0,100030.0,4001200.0,26.831932773109244,False,0.0,20.123949579831933,False,0.0,0.0
251,251,251123,"English Language and Literature Teachers, Postsecondary",110.0,80610.0,8867100.0,24.130929791271345,False,0.0,18.09819734345351,False,0.0,0.0
251,251,251124,"Foreign Language and Literature Teachers, Postsecondary",120.0,60050.0,7206000.0,25.56693711967546,False,0.0,19.175202839756594,False,0.0,0.0
251,251,251125,"History Teachers, Postsecondary",30.0,77130.0,2313900.0,24.010230179028135,False,0.0,18.007672634271103,False,0.0,0.0
251,251,251126,"Philosophy and Religion Teachers, Postsecondary",50.0,66190.0,3309500.0,22.927696078431374,False,0.0,17.195772058823533,False,0.0,0.0
251,251,251194,"Career/Technical Education Teachers, Postsecondary",380.0,68960.0,26204800.0,19.194989106753816,False,0.0,14.396241830065362,False,0.0,0.0
251,251,251199,"Postsecondary Teachers, All Other",240.0,90580.0,21739200.0,35.95915032679739,False,0.0,26.969362745098042,False,0.0,0.0
252,252,252011,"Preschool Teachers, Except Special Education",580.0,47150.0,27347000.0,11.602941176470589,False,0.0,8.70220588235294,False,0.0,0.0
252,252,252012,"Kindergarten Teachers, Except Special Education",70.0,69680.0,4877600.0,33.00326797385622,False,0.0,24.752450980392165,False,0.0,0.0
252,252,252021,"Elementary School Teachers, Except Special Education",3030.0,73860.0,223795800.0,20.27941176470588,False,0.0,15.20955882352941,False,0.0,0.0
252,252,252022,"Middle School Teachers, Except Special and Career/Technical Education",830.0,77740.0,64524200.0,23.403361344537814,False,0.0,17.55252100840336,False,0.0,0.0
252,252,252031,"Secondary School Teachers, Except Special and Career/Technical Education",2730.0,80640.0,220147200.0,23.656862745098042,False,0.0,17.742647058823533,False,0.0,0.0
252,252,252032,"Career/Technical Education Teachers, Secondary School",150.0,82330.0,12349500.0,22.923273657289005,False,0.0,17.19245524296675,False,0.0,0.0
252,252,252051,"Special Education Teachers, Preschool",110.0,64420.0,7086200.0,30.375565610859734,False,0.0,22.7816742081448,False,0.0,0.0
252,252,252052,"Special Education Teachers, Kindergarten and Elementary School",470.0,79090.0,37172300.0,35.95915032679739,False,0.0,26.969362745098042,False,0.0,0.0
252,252,252057,"Special Education Teachers, Middle School",180.0,79510.0,14311800.0,20.423273657289005,False,0.0,15.317455242966755,False,0.0,0.0
252,252,252058,"Special Education Teachers, Secondary School",440.0,79050.0,34782000.0,38.89915966386553,False,0.0,29.174369747899153,False,0.0,0.0
253,253,253011,"Adult Basic Education, Adult Secondary Education, and English as a Second Language Instructors",80.0,60530.0,4842400.0,31.565508021390375,False,0.0,23.674131016042782,False,0.0,0.0
253,253,253021,Self-Enrichment Teachers,140.0,60820.0,8514800.0,30.88368983957219,False,0.0,23.162767379679146,False,0.0,0.0
253,253,253031,"Substitute Teachers, Short-Term",1860.0,67975.0,126433500.0,13.968487394957982,False,0.0,10.476365546218485,False,0.0,0.0
253,253,253041,Tutors,490.0,52250.0,25602500.0,21.886029411764707,False,0.0,16.41452205882353,False,0.0,0.0
253,253,253099,"Teachers and Instructors, All Other",240.0,66900.0,16056000.0,35.95915032679739,False,0.0,26.969362745098042,False,0.0,0.0
254,254,254012,Curators,60.0,78640.0,4718400.0,48.50959079283887,False,0.0,36.38219309462915,False,0.0,0.0
254,254,254013,Museum Technicians and Conservators,70.0,52000.0,3640000.0,52.950980392156865,True,100.0,39.71323529411765,False,0.0,0.0
254,254,254022,Librarians and Media Collections Specialists,330.0,75410.0,24885300.0,39.76470588235295,False,0.0,29.82352941176471,False,0.0,0.0
254,254,254031,Library Technicians,230.0,50980.0,11725400.0,33.77941176470588,False,0.0,25.334558823529406,False,0.0,0.0
259,259,259031,Instructional Coordinators,710.0,73530.0,52206300.0,31.915441176470587,False,0.0,23.936580882352942,False,0.0,0.0
259,259,259044,"Teaching Assistants, Postsecondary",270.0,28690.0,7746300.0,33.83823529411765,False,0.0,25.37867647058824,False,0.0,0.0
259,259,259045,"Teaching Assistants, Except Postsecondary",4000.0,38660.0,154640000.0,35.95915032679739,False,0.0,26.969362745098042,False,0.0,0.0
259,259,259099,"Educational Instruction and Library Workers, All Other",150.0,59080.0,8862000.0,35.95915032679739,False,0.0,26.969362745098042,False,0.0,0.0
271,271,271011,Art Directors,60.0,66100.0,3966000.0,44.675339366515836,False,0.0,33.50650452488688,False,0.0,0.0
271,271,271019,"Artists and Related Workers, All Other",50.0,54820.0,2741000.0,35.95915032679739,False,0.0,26.969362745098042,False,0.0,0.0
271,271,271023,Floral Designers,70.0,44780.0,3134600.0,29.029411764705888,False,0.0,21.772058823529417,False,0.0,0.0
271,271,271024,Graphic Designers,250.0,54180.0,13545000.0,49.49698340874812,False,0.0,37.12273755656109,False,0.0,0.0
271,271,271026,Merchandise Displayers and Window Trimmers,600.0,39540.0,23724000.0,46.64117647058824,False,0.0,34.98088235294118,False,0.0,0.0
272,272,272012,Producers and Directors,120.0,64540.0,7744800.0,37.52670278637771,False,0.0,28.145027089783287,False,0.0,0.0
272,272,272022,Coaches and Scouts,470.0,46510.0,21859700.0,23.11387631975867,False,0.0,17.335407239819002,False,0.0,0.0
272,272,272023,"Umpires, Referees, and Other Sports Officials",130.0,41130.0,5346900.0,39.475935828877,False,0.0,29.60695187165775,False,0.0,0.0
272,272,272041,Music Directors and Composers,40.0,54510.0,2180400.0,14.187414500683992,False,0.0,10.640560875512994,False,0.0,0.0
273,273,273011,Broadcast Announcers and Radio Disc Jockeys,70.0,53500.0,3745000.0,34.05882352941176,False,0.0,25.544117647058822,False,0.0,0.0
273,273,273023,"News Analysts, Reporters, and Journalists",100.0,57590.0,5759000.0,32.07962697274032,False,0.0,24.059720229555243,False,0.0,0.0
273,273,273031,Public Relations Specialists,780.0,70830.0,55247400.0,37.895194697597354,False,0.0,28.42139602319802,False,0.0,0.0
273,273,273041,Editors,70.0,63850.0,4469500.0,37.12394957983193,False,0.0,27.842962184873944,False,0.0,0.0
273,273,273042,Technical Writers,310.0,77150.0,23916500.0,49.72618061309031,False,0.0,37.294635459817734,False,0.0,0.0
273,273,273091,Interpreters and Translators,90.0,64720.0,5824800.0,21.324618736383442,False,0.0,15.993464052287582,False,0.0,0.0
273,273,273099,"Media and Communication Workers, All Other",40.0,67720.0,2708800.0,35.95915032679739,False,0.0,26.969362745098042,False,0.0,0.0
274,274,274011,Audio and Video Technicians,90.0,54380.0,4894200.0,42.44117647058823,False,0.0,31.830882352941174,False,0.0,0.0
274,274,274012,Broadcast Technicians,30.0,51170.0,1535100.0,41.26102941176471,False,0.0,30.945772058823533,False,0.0,0.0
274,274,274021,Photographers,40.0,44310.0,1772400.0,36.54621848739496,False,0.0,27.409663865546218,False,0.0,0.0
274,274,274032,Film and Video Editors,40.0,59460.0,2378400.0,32.866454689984096,False,0.0,24.64984101748807,False,0.0,0.0
274,274,274099,"Media and Communication Equipment Workers, All Other",40.0,80320.0,3212800.0,35.95915032679739,False,0.0,26.969362745098042,False,0.0,0.0
291,291,291011,Chiropractors,110.0,134020.0,14742200.0,11.867647058823529,False,0.0,8.900735294117647,False,0.0,0.0
291,291,291021,"Dentists, General",320.0,201720.0,64550400.0,10.714985994397757,False,0.0,8.036239495798318,False,0.0,0.0
291,291,291031,Dietitians and Nutritionists,130.0,80100.0,10413000.0,32.6764705882353,False,0.0,24.50735294117647,False,0.0,0.0
291,291,291041,Optometrists,70.0,148460.0,10392200.0,16.886029411764707,False,0.0,12.664522058823529,False,0.0,0.0
291,291,291051,Pharmacists,520.0,151600.0,78832000.0,31.18414322250639,False,0.0,23.38810741687979,False,0.0,0.0
291,291,291071,Physician Assistants,510.0,148480.0,75724800.0,23.419504643962853,False,0.0,17.56462848297214,False,0.0,0.0
291,291,291122,Occupational Therapists,350.0,98960.0,34636000.0,16.040849673202615,False,0.0,12.03063725490196,False,0.0,0.0
291,291,291123,Physical Therapists,570.0,110830.0,63173100.0,20.852941176470587,False,0.0,15.639705882352942,False,0.0,0.0
291,291,291124,Radiation Therapists,,118180.0,,21.477941176470587,False,0.0,16.10845588235294,False,0.0,0.0
291,291,291126,Respiratory Therapists,130.0,94590.0,12296700.0,37.88502673796792,False,0.0,28.41377005347594,False,0.0,0.0
291,291,291127,Speech-Language Pathologists,310.0,96870.0,30029700.0,17.71350762527233,False,0.0,13.28513071895425,False,0.0,0.0
291,291,291129,"Therapists, All Other",60.0,111510.0,6690600.0,52.4984520123839,True,100.0,39.37383900928793,False,0.0,0.0
291,291,291131,Veterinarians,180.0,67975.0,12235500.0,25.60294117647059,False,0.0,19.202205882352942,False,0.0,0.0
291,291,291141,Registered Nurses,6590.0,109210.0,719693900.0,27.035567715458274,False,0.0,20.276675786593707,False,0.0,0.0
291,291,291151,Nurse Anesthetists,40.0,67975.0,2719000.0,11.338235294117649,False,0.0,8.503676470588237,False,0.0,0.0
291,291,291161,Nurse Midwives,90.0,128800.0,11592000.0,11.618925831202045,False,0.0,8.714194373401535,False,0.0,0.0
291,291,291171,Nurse Practitioners,660.0,126170.0,83272200.0,22.27941176470588,False,0.0,16.70955882352941,False,0.0,0.0
291,291,291181,Audiologists,50.0,98200.0,4910000.0,17.291075050709942,False,0.0,12.968306288032455,False,0.0,0.0
291,291,291214,Emergency Medicine Physicians,280.0,67975.0,19033000.0,45.235294117647065,False,0.0,33.9264705882353,False,0.0,0.0
291,291,291215,Family Medicine Physicians,440.0,273740.0,120445600.0,13.941176470588237,False,0.0,10.45588235294118,False,0.0,0.0
291,291,291216,General Internal Medicine Physicians,80.0,402000.0,32160000.0,14.597285067873303,False,0.0,10.947963800904978,False,0.0,0.0
291,291,291218,Obstetricians and Gynecologists,70.0,306700.0,21469000.0,15.656417112299465,False,0.0,11.742312834224599,False,0.0,0.0
291,291,291221,"Pediatricians, General",90.0,238030.0,21422700.0,13.85294117647059,False,0.0,10.389705882352942,False,0.0,0.0
291,291,291222,"Physicians, Pathologists",60.0,251520.0,15091200.0,15.799019607843135,False,0.0,11.849264705882351,False,0.0,0.0
291,291,291223,Psychiatrists,50.0,166190.0,8309500.0,17.437381404174577,False,0.0,13.078036053130932,False,0.0,0.0
291,291,291224,Radiologists,40.0,138770.0,5550800.0,11.96904024767802,False,0.0,8.976780185758514,False,0.0,0.0
291,291,291229,"Physicians, All Other",350.0,284240.0,99484000.0,17.60105580693816,False,0.0,13.200791855203619,False,0.0,0.0
291,291,291249,"Surgeons, All Other",,407300.0,,35.95915032679739,False,0.0,26.969362745098042,False,0.0,0.0
291,291,291291,Acupuncturists,50.0,75280.0,3764000.0,25.56787330316742,False,0.0,19.175904977375566,False,0.0,0.0
291,291,291292,Dental Hygienists,610.0,115980.0,70747800.0,15.656346749226005,False,0.0,11.742260061919504,False,0.0,0.0
291,291,291299,"Healthcare Diagnosing or Treating Practitioners, All Other",160.0,81670.0,13067200.0,6.64705882352941,False,0.0,4.985294117647057,False,0.0,0.0
292,292,292010,Clinical Laboratory Technologists and Technicians,660.0,69270.0,45718200.0,35.95915032679739,False,0.0,26.969362745098042,False,0.0,0.0
292,292,292031,Cardiovascular Technologists and Technicians,80.0,87490.0,6999200.0,26.972136222910216,False,0.0,20.22910216718266,False,0.0,0.0
292,292,292032,Diagnostic Medical Sonographers,270.0,90770.0,24507900.0,25.612299465240646,False,0.0,19.209224598930486,False,0.0,0.0
292,292,292034,Radiologic Technologists and Technicians,320.0,87180.0,27897600.0,20.205882352941178,False,0.0,15.154411764705882,False,0.0,0.0
292,292,292035,Magnetic Resonance Imaging Technologists,70.0,109830.0,7688100.0,24.328431372549026,False,0.0,18.246323529411768,False,0.0,0.0
292,292,292036,Medical Dosimetrists,,157340.0,,42.85294117647058,False,0.0,32.139705882352935,False,0.0,0.0
292,292,292042,Emergency Medical Technicians,390.0,53670.0,20931300.0,16.756302521008397,False,0.0,12.5672268907563,False,0.0,0.0
292,292,292043,Paramedics,150.0,67630.0,10144500.0,22.511029411764703,False,0.0,16.883272058823525,False,0.0,0.0
292,292,292051,Dietetic Technicians,50.0,43800.0,2190000.0,34.53245436105477,False,0.0,25.899340770791074,False,0.0,0.0
292,292,292052,Pharmacy Technicians,860.0,49810.0,42836600.0,24.340557275541798,False,0.0,18.25541795665635,False,0.0,0.0
292,292,292053,Psychiatric Technicians,410.0,46870.0,19216700.0,19.221719457013577,False,0.0,14.416289592760185,False,0.0,0.0
292,292,292055,Surgical Technologists,290.0,73440.0,21297600.0,24.058823529411764,False,0.0,18.044117647058826,False,0.0,0.0
292,292,292056,Veterinary Technologists and Technicians,290.0,45510.0,13197900.0,34.79864253393665,False,0.0,26.09898190045249,False,0.0,0.0
292,292,292057,Ophthalmic Medical Technicians,60.0,58960.0,3537600.0,23.968487394957986,False,0.0,17.97636554621849,False,0.0,0.0
292,292,292061,Licensed Practical and Licensed Vocational Nurses,320.0,74260.0,23763200.0,22.222689075630257,False,0.0,16.667016806722692,False,0.0,0.0
292,292,292072,Medical Records Specialists,1410.0,58900.0,83049000.0,31.45972443031266,False,0.0,23.594793322734496,False,0.0,0.0
292,292,292081,"Opticians, Dispensing",140.0,53880.0,7543200.0,17.673202614379086,False,0.0,13.254901960784316,False,0.0,0.0
292,292,292099,"Health Technologists and Technicians, All Other",760.0,56140.0,42666400.0,28.682662538699688,False,0.0,21.511996904024766,False,0.0,0.0
299,299,299021,Health Information Technologists and Medical Registrars,170.0,60110.0,10218700.0,31.279544250132485,False,0.0,23.459658187599363,False,0.0,0.0
299,299,299091,Athletic Trainers,60.0,70580.0,4234800.0,29.20588235294118,False,0.0,21.904411764705888,False,0.0,0.0
299,299,299093,Surgical Assistants,40.0,56060.0,2242400.0,22.203208556149733,False,0.0,16.6524064171123,False,0.0,0.0
299,299,299099,"Healthcare Practitioners and Technical Workers, All Other",140.0,89100.0,12474000.0,38.49509803921569,False,0.0,28.871323529411768,False,0.0,0.0
311,311,311120,Home Health and Personal Care Aides,5660.0,38540.0,218136400.0,35.95915032679739,False,0.0,26.969362745098042,False,0.0,0.0
311,311,311131,Nursing Assistants,1710.0,47080.0,80506800.0,24.478758169934643,False,0.0,18.359068627450984,False,0.0,0.0
311,311,311132,Orderlies,70.0,42120.0,2948400.0,35.46638655462185,False,0.0,26.599789915966387,False,0.0,0.0
311,311,311133,Psychiatric Aides,240.0,47780.0,11467200.0,47.191176470588246,False,0.0,35.39338235294118,False,0.0,0.0
312,312,312011,Occupational Therapy Assistants,50.0,53310.0,2665500.0,22.393481717011127,False,0.0,16.795111287758345,False,0.0,0.0
312,312,312021,Physical Therapist Assistants,130.0,67360.0,8756800.0,20.85204991087344,False,0.0,15.639037433155082,False,0.0,0.0
312,312,312022,Physical Therapist Aides,30.0,48680.0,1460400.0,34.42647058823529,False,0.0,25.819852941176467,False,0.0,0.0
319,319,319011,Massage Therapists,420.0,100670.0,42281400.0,15.176470588235297,False,0.0,11.382352941176473,False,0.0,0.0
319,319,319091,Dental Assistants,940.0,53020.0,49838800.0,19.248663101604276,False,0.0,14.436497326203208,False,0.0,0.0
319,319,319092,Medical Assistants,2140.0,52530.0,112414200.0,27.014705882352946,False,0.0,20.26102941176471,False,0.0,0.0
319,319,319093,Medical Equipment Preparers,150.0,55000.0,8250000.0,31.445820433436534,False,0.0,23.5843653250774,False,0.0,0.0
319,319,319094,Medical Transcriptionists,130.0,42730.0,5554900.0,22.92302878598248,False,0.0,17.19227158948686,False,0.0,0.0
319,319,319095,Pharmacy Aides,40.0,44800.0,1792000.0,46.336601307189554,False,0.0,34.75245098039216,False,0.0,0.0
319,319,319096,Veterinary Assistants and Laboratory Animal Caretakers,180.0,38950.0,7011000.0,29.99095022624435,False,0.0,22.493212669683263,False,0.0,0.0
319,319,319097,Phlebotomists,130.0,48440.0,6297200.0,27.182773109243698,False,0.0,20.387079831932773,False,0.0,0.0
319,319,319099,"Healthcare Support Workers, All Other",180.0,61200.0,11016000.0,22.893188854489164,False,0.0,17.169891640866872,False,0.0,0.0
331,331,331011,First-Line Supervisors of Correctional Officers,80.0,104630.0,8370400.0,45.6764705882353,False,0.0,34.25735294117647,False,0.0,0.0
331,331,331012,First-Line Supervisors of Police and Detectives,320.0,119830.0,38345600.0,34.490196078431374,False,0.0,25.86764705882353,False,0.0,0.0
331,331,331021,First-Line Supervisors of Firefighting and Prevention Workers,260.0,87120.0,22651200.0,29.241176470588243,False,0.0,21.930882352941182,False,0.0,0.0
331,331,331091,First-Line Supervisors of Security Workers,220.0,66460.0,14621200.0,42.88502673796792,False,0.0,32.163770053475936,False,0.0,0.0
331,331,331099,"First-Line Supervisors of Protective Service Workers, All Other",160.0,82370.0,13179200.0,35.95915032679739,False,0.0,26.969362745098042,False,0.0,0.0
332,332,332011,Firefighters,1130.0,57910.0,65438300.0,36.705882352941174,False,0.0,27.52941176470588,False,0.0,0.0
332,332,332021,Fire Inspectors and Investigators,30.0,87120.0,2613600.0,40.567873303167424,False,0.0,30.425904977375566,False,0.0,0.0
333,333,333011,Bailiffs,60.0,81080.0,4864800.0,38.08986928104576,False,0.0,28.567401960784316,False,0.0,0.0
333,333,333012,Correctional Officers and Jailers,1170.0,73400.0,85878000.0,45.21848739495799,False,0.0,33.91386554621849,False,0.0,0.0
333,333,333021,Detectives and Criminal Investigators,130.0,121770.0,15830100.0,36.24690402476781,False,0.0,27.185178018575858,False,0.0,0.0
333,333,333051,Police and Sheriff's Patrol Officers,1280.0,94660.0,121164800.0,32.669117647058826,False,0.0,24.50183823529412,False,0.0,0.0
339,339,339021,Private Detectives and Investigators,50.0,66220.0,3311000.0,40.76470588235295,False,0.0,30.57352941176471,False,0.0,0.0
339,339,339032,Security Guards,2320.0,52220.0,121150400.0,28.566844919786092,False,0.0,21.42513368983957,False,0.0,0.0
339,339,339091,Crossing Guards and Flaggers,60.0,67975.0,4078500.0,19.519607843137255,False,0.0,14.63970588235294,False,0.0,0.0
339,339,339092,"Lifeguards, Ski Patrol, and Other Recreational Protective Service Workers",290.0,35880.0,10405200.0,43.205882352941174,False,0.0,32.40441176470588,False,0.0,0.0
339,339,339093,Transportation Security Screeners,490.0,64090.0,31404100.0,39.1200980392157,False,0.0,29.340073529411775,False,0.0,0.0
339,339,339094,School Bus Monitors,290.0,36980.0,10724200.0,41.485294117647065,False,0.0,31.113970588235297,False,0.0,0.0
339,339,339099,"Protective Service Workers, All Other",320.0,53580.0,17145600.0,45.76470588235295,False,0.0,34.32352941176472,False,0.0,0.0
351,351,351011,Chefs and Head Cooks,570.0,65710.0,37454700.0,34.04117647058823,False,0.0,25.530882352941177,False,0.0,0.0
351,351,351012,First-Line Supervisors of Food Preparation and Serving Workers,2380.0,47950.0,114121000.0,19.189075630252102,False,0.0,14.391806722689077,False,0.0,0.0
352,352,352011,"Cooks, Fast Food",2420.0,31760.0,76859200.0,22.50367647058824,False,0.0,16.877757352941178,False,0.0,0.0
352,352,352012,"Cooks, Institution and Cafeteria",1440.0,47980.0,69091200.0,24.947712418300654,False,0.0,18.710784313725494,False,0.0,0.0
352,352,352014,"Cooks, Restaurant",2230.0,39940.0,89066200.0,31.176470588235293,False,0.0,23.38235294117647,False,0.0,0.0
352,352,352015,"Cooks, Short Order",360.0,41690.0,15008400.0,0.7058823529411765,False,0.0,0.5294117647058825,False,0.0,0.0
352,352,352019,"Cooks, All Other",40.0,43960.0,1758400.0,35.95915032679739,False,0.0,26.969362745098042,False,0.0,0.0
352,352,352021,Food Preparation Workers,2840.0,36530.0,103745200.0,27.764705882352946,False,0.0,20.82352941176471,False,0.0,0.0
353,353,353011,Bartenders,1730.0,30290.0,52401700.0,13.078431372549021,False,0.0,9.808823529411766,False,0.0,0.0
353,353,353023,Fast Food and Counter Workers,5740.0,31020.0,178054800.0,20.86764705882353,False,0.0,15.650735294117645,False,0.0,0.0
353,353,353031,Waiters and Waitresses,3730.0,36150.0,134839500.0,5.385026737967915,False,0.0,4.038770053475936,False,0.0,0.0
353,353,353041,"Food Servers, Nonrestaurant",410.0,34180.0,14013800.0,40.628676470588246,False,0.0,30.471507352941185,False,0.0,0.0
359,359,359011,Dining Room and Cafeteria Attendants and Bartender Helpers,570.0,30140.0,17179800.0,29.455882352941178,False,0.0,22.09191176470588,False,0.0,0.0
359,359,359021,Dishwashers,930.0,30510.0,28374300.0,57.735294117647065,True,100.0,43.3014705882353,False,0.0,0.0
359,359,359031,"Hosts and Hostesses, Restaurant, Lounge, and Coffee Shop",580.0,34260.0,19870800.0,31.294117647058822,False,0.0,23.470588235294116,False,0.0,0.0
359,359,359099,"Food Preparation and Serving Related Workers, All Other",,35070.0,,35.95915032679739,False,0.0,26.969362745098042,False,0.0,0.0
371,371,371011,First-Line Supervisors of Housekeeping and Janitorial Workers,630.0,52490.0,33068700.0,37.58823529411765,False,0.0,28.191176470588236,False,0.0,0.0
371,371,371012,"First-Line Supervisors of Landscaping, Lawn Service, and Groundskeeping Workers",150.0,79260.0,11889000.0,40.78104575163398,False,0.0,30.585784313725483,False,0.0,0.0
372,372,372011,"Janitors and Cleaners, Except Maids and Housekeeping Cleaners",5270.0,38480.0,202789600.0,37.25210084033613,False,0.0,27.9390756302521,False,0.0,0.0
372,372,372012,Maids and Housekeeping Cleaners,3130.0,36880.0,115434400.0,21.61437908496732,False,0.0,16.21078431372549,False,0.0,0.0
372,372,372021,Pest Control Workers,30.0,48130.0,1443900.0,29.536764705882355,False,0.0,22.152573529411768,False,0.0,0.0
373,373,373011,Landscaping and Groundskeeping Workers,920.0,46360.0,42651200.0,50.70588235294118,True,100.0,38.029411764705884,False,0.0,0.0
373,373,373013,Tree Trimmers and Pruners,,70270.0,,54.84558823529413,True,100.0,41.134191176470594,False,0.0,0.0
373,373,373019,"Grounds Maintenance Workers, All Other",60.0,50130.0,3007800.0,35.95915032679739,False,0.0,26.969362745098042,False,0.0,0.0
391,391,391013,First-Line Supervisors of Gambling Services Workers,90.0,56120.0,5050800.0,49.947712418300654,False,0.0,37.46078431372549,False,0.0,0.0
391,391,391014,"First-Line Supervisors of Entertainment and Recreation Workers, Except Gambling Services",490.0,56400.0,27636000.0,31.176470588235293,False,0.0,23.38235294117647,False,0.0,0.0
391,391,391022,First-Line Supervisors of Personal Service Workers,220.0,71270.0,15679400.0,31.176470588235293,False,0.0,23.38235294117647,False,0.0,0.0
392,392,392011,Animal Trainers,,35670.0,,50.38235294117648,True,100.0,37.78676470588236,False,0.0,0.0
392,392,392021,Animal Caretakers,530.0,36610.0,19403300.0,33.32352941176471,False,0.0,24.99264705882353,False,0.0,0.0
393,393,393019,"Gambling Service Workers, All Other",440.0,32540.0,14317600.0,35.95915032679739,False,0.0,26.969362745098042,False,0.0,0.0
393,393,393031,"Ushers, Lobby Attendants, and Ticket Takers",220.0,31300.0,6886000.0,40.00367647058824,False,0.0,30.002757352941178,False,0.0,0.0
393,393,393091,Amusement and Recreation Attendants,350.0,36770.0,12869500.0,41.92647058823529,False,0.0,31.444852941176464,False,0.0,0.0
393,393,393093,"Locker Room, Coatroom, and Dressing Room Attendants",70.0,36710.0,2569700.0,28.00326797385621,False,0.0,21.002450980392158,False,0.0,0.0
395,395,395012,"Hairdressers, Hairstylists, and Cosmetologists",320.0,40400.0,12928000.0,36.9264705882353,False,0.0,27.694852941176475,False,0.0,0.0
395,395,395092,Manicurists and Pedicurists,200.0,50770.0,10154000.0,24.392156862745097,False,0.0,18.294117647058822,False,0.0,0.0
395,395,395094,Skincare Specialists,230.0,40980.0,9425400.0,45.28921568627451,False,0.0,33.966911764705884,False,0.0,0.0
396,396,396011,Baggage Porters and Bellhops,60.0,32220.0,1933200.0,49.08823529411765,False,0.0,36.81617647058824,False,0.0,0.0
396,396,396012,Concierges,30.0,33240.0,997200.0,31.91402714932127,False,0.0,23.935520361990953,False,0.0,0.0
397,397,397010,Tour and Travel Guides,1320.0,49540.0,65392800.0,35.95915032679739,False,0.0,26.969362745098042,False,0.0,0.0
399,399,399011,Childcare Workers,1090.0,37100.0,40439000.0,13.926470588235295,False,0.0,10.444852941176471,False,0.0,0.0
399,399,399031,Exercise Trainers and Group Fitness Instructors,550.0,52910.0,29100500.0,25.08823529411765,False,0.0,18.816176470588236,False,0.0,0.0
399,399,399032,Recreation Workers,260.0,49260.0,12807600.0,29.617647058823525,False,0.0,22.213235294117645,False,0.0,0.0
399,399,399041,Residential Advisors,200.0,42630.0,8526000.0,36.411764705882355,False,0.0,27.308823529411764,False,0.0,0.0
411,411,411011,First-Line Supervisors of Retail Sales Workers,2800.0,54350.0,152180000.0,33.61627267729522,False,0.0,25.212204507971414,False,0.0,0.0
411,411,411012,First-Line Supervisors of Non-Retail Sales Workers,490.0,80530.0,39459700.0,30.825557809330633,False,0.0,23.119168356997978,False,0.0,0.0
412,412,412011,Cashiers,5720.0,35430.0,202659600.0,24.93048128342246,False,0.0,18.697860962566846,False,0.0,0.0
412,412,412021,Counter and Rental Clerks,730.0,39770.0,29032100.0,40.67647058823529,False,0.0,30.507352941176467,False,0.0,0.0
412,412,412022,Parts Salespersons,700.0,44740.0,31318000.0,38.26018099547511,False,0.0,28.695135746606336,False,0.0,0.0
412,412,412031,Retail Salespersons,8250.0,39420.0,325215000.0,29.990320178704387,False,0.0,22.492740134028292,False,0.0,0.0
413,413,413011,Advertising Sales Agents,130.0,75630.0,9831900.0,48.969362745098046,False,0.0,36.727022058823536,False,0.0,0.0
413,413,413021,Insurance Sales Agents,590.0,56330.0,33234700.0,32.88235294117647,False,0.0,24.661764705882355,False,0.0,0.0
413,413,413031,"Securities, Commodities, and Financial Services Sales Agents",140.0,113010.0,15821400.0,31.36220789685737,False,0.0,23.521655922643024,False,0.0,0.0
413,413,413041,Travel Agents,340.0,51250.0,17425000.0,29.44624746450305,False,0.0,22.084685598377288,False,0.0,0.0
413,413,413091,"Sales Representatives of Services, Except Advertising, Insurance, Financial Services, and Travel",830.0,65060.0,53999800.0,53.07563025210085,True,100.0,39.806722689075634,False,0.0,0.0
414,414,414011,"Sales Representatives, Wholesale and Manufacturing, Technical and Scientific Products",520.0,83970.0,43664400.0,38.77787532923617,False,0.0,29.08340649692712,False,0.0,0.0
414,414,414012,"Sales Representatives, Wholesale and Manufacturing, Except Technical and Scientific Products",700.0,67860.0,47502000.0,41.09178139340843,False,0.0,30.818836045056326,False,0.0,0.0
419,419,419012,Models,,54530.0,,29.99095022624435,False,0.0,22.493212669683263,False,0.0,0.0
419,419,419021,Real Estate Brokers,230.0,71710.0,16493300.0,38.2005347593583,False,0.0,28.650401069518722,False,0.0,0.0
419,419,419022,Real Estate Sales Agents,140.0,81720.0,11440800.0,25.304921968787514,False,0.0,18.978691476590637,False,0.0,0.0
419,419,419031,Sales Engineers,30.0,106860.0,3205800.0,52.82929047907824,True,100.0,39.62196785930868,False,0.0,0.0
419,419,419099,"Sales and Related Workers, All Other",90.0,55250.0,4972500.0,35.95915032679739,False,0.0,26.969362745098042,False,0.0,0.0
431,431,431011,First-Line Supervisors of Office and Administrative Support Workers,5140.0,68070.0,349879800.0,35.07732980832783,False,0.0,26.307997356245878,False,0.0,0.0
432,432,432011,"Switchboard Operators, Including Answering Service",70.0,34210.0,2394700.0,49.930481283422466,False,0.0,37.44786096256685,False,0.0,0.0
433,433,433011,Bill and Account Collectors,310.0,57670.0,17877700.0,20.87277701778386,False,0.0,15.654582763337896,False,0.0,0.0
433,433,433021,Billing and Posting Clerks,230.0,51160.0,11766800.0,27.873379860418734,False,0.0,20.90503489531405,False,0.0,0.0
433,433,433031,"Bookkeeping, Accounting, and Auditing Clerks",4610.0,54600.0,251706000.0,30.9708313077297,False,0.0,23.228123480797276,False,0.0,0.0
433,433,433051,Payroll and Timekeeping Clerks,260.0,54620.0,14201200.0,23.777875329236174,False,0.0,17.833406496927132,False,0.0,0.0
433,433,433061,Procurement Clerks,240.0,53740.0,12897600.0,47.92327365728901,False,0.0,35.94245524296676,False,0.0,0.0
433,433,433071,Tellers,1160.0,43180.0,50088800.0,33.287925696594435,False,0.0,24.965944272445824,False,0.0,0.0
433,433,433099,"Financial Clerks, All Other",100.0,52610.0,5261000.0,35.95915032679739,False,0.0,26.969362745098042,False,0.0,0.0
434,434,434011,Brokerage Clerks,80.0,61140.0,4891200.0,38.9696394686907,False,0.0,29.22722960151803,False,0.0,0.0
434,434,434031,"Court, Municipal, and License Clerks",440.0,58630.0,25797200.0,32.366873065015476,False,0.0,24.27515479876161,False,0.0,0.0
434,434,434051,Customer Service Representatives,2170.0,45480.0,98691600.0,32.121551275377406,False,0.0,24.091163456533053,False,0.0,0.0
434,434,434061,"Eligibility Interviewers, Government Programs",,58540.0,,33.92320261437909,False,0.0,25.442401960784323,False,0.0,0.0
434,434,434071,File Clerks,210.0,42290.0,8880900.0,42.59803921568628,False,0.0,31.94852941176471,False,0.0,0.0
434,434,434081,"Hotel, Motel, and Resort Desk Clerks",900.0,34000.0,30600000.0,31.72610294117647,False,0.0,23.79457720588235,False,0.0,0.0
434,434,434121,"Library Assistants, Clerical",160.0,42420.0,6787200.0,38.18487394957983,False,0.0,28.638655462184875,False,0.0,0.0
434,434,434131,Loan Interviewers and Clerks,350.0,53100.0,18585000.0,28.542016806722692,False,0.0,21.406512605042018,False,0.0,0.0
434,434,434141,New Accounts Clerks,90.0,43380.0,3904200.0,27.893188854489164,False,0.0,20.919891640866872,False,0.0,0.0
434,434,434151,Order Clerks,220.0,39950.0,8789000.0,41.10294117647059,False,0.0,30.82720588235294,False,0.0,0.0
434,434,434161,"Human Resources Assistants, Except Payroll and Timekeeping",260.0,55830.0,14515800.0,25.73816355810617,False,0.0,19.303622668579628,False,0.0,0.0
434,434,434171,Receptionists and Information Clerks,1980.0,40980.0,81140400.0,25.372309899569583,False,0.0,19.02923242467719,False,0.0,0.0
434,434,434181,Reservation and Transportation Ticket Agents and Travel Clerks,870.0,45090.0,39228300.0,32.10294117647059,False,0.0,24.077205882352942,False,0.0,0.0
434,434,434199,"Information and Record Clerks, All Other",820.0,47670.0,39089400.0,35.95915032679739,False,0.0,26.969362745098042,False,0.0,0.0
435,435,435011,Cargo and Freight Agents,490.0,53310.0,26121900.0,28.287925696594428,False,0.0,21.21594427244582,False,0.0,0.0
435,435,435021,Couriers and Messengers,130.0,42820.0,5566600.0,46.58823529411766,False,0.0,34.94117647058824,False,0.0,0.0
435,435,435031,Public Safety Telecommunicators,320.0,66140.0,21164800.0,36.00653594771242,False,0.0,27.004901960784316,False,0.0,0.0
435,435,435032,"Dispatchers, Except Police, Fire, and Ambulance",660.0,60180.0,39718800.0,26.97478991596639,False,0.0,20.231092436974794,False,0.0,0.0
435,435,435051,Postal Service Clerks,390.0,51850.0,20221500.0,14.378676470588236,False,0.0,10.784007352941178,False,0.0,0.0
435,435,435052,Postal Service Mail Carriers,480.0,56970.0,27345600.0,29.475935828877002,False,0.0,22.106951871657753,False,0.0,0.0
435,435,435053,"Postal Service Mail Sorters, Processors, and Processing Machine Operators",270.0,52540.0,14185800.0,33.02941176470588,False,0.0,24.77205882352941,False,0.0,0.0
435,435,435061,"Production, Planning, and Expediting Clerks",340.0,59370.0,20185800.0,33.26627033792241,False,0.0,24.949702753441805,False,0.0,0.0
435,435,435071,"Shipping, Receiving, and Inventory Clerks",890.0,49920.0,44428800.0,19.948379351740698,False,0.0,14.961284513805523,False,0.0,0.0
436,436,436011,Executive Secretaries and Executive Administrative Assistants,1650.0,64270.0,106045500.0,36.32015931372549,False,0.0,27.240119485294116,False,0.0,0.0
436,436,436012,Legal Secretaries and Administrative Assistants,440.0,58010.0,25524400.0,23.986858573216523,False,0.0,17.990143929912396,False,0.0,0.0
436,436,436013,Medical Secretaries and Administrative Assistants,2020.0,45160.0,91223200.0,24.57918552036199,False,0.0,18.43438914027149,False,0.0,0.0
436,436,436014,"Secretaries and Administrative Assistants, Except Legal, Medical, and Executive",4460.0,45150.0,201369000.0,46.24910873440285,False,0.0,34.68683155080215,False,0.0,0.0
439,439,439021,Data Entry Keyers,160.0,50960.0,8153600.0,34.789592760181,False,0.0,26.092194570135753,False,0.0,0.0
439,439,439022,Word Processors and Typists,40.0,51140.0,2045600.0,43.42296918767507,False,0.0,32.5672268907563,False,0.0,0.0
439,439,439041,Insurance Claims and Policy Processing Clerks,40.0,49870.0,1994800.0,28.497971602434085,False,0.0,21.373478701825565,False,0.0,0.0
439,439,439051,"Mail Clerks and Mail Machine Operators, Except Postal Service",80.0,42750.0,3420000.0,41.647058823529406,False,0.0,31.23529411764705,False,0.0,0.0
439,439,439061,"Office Clerks, General",5080.0,48690.0,247345200.0,35.3921568627451,False,0.0,26.54411764705882,False,0.0,0.0
439,439,439071,"Office Machine Operators, Except Computer",100.0,53500.0,5350000.0,53.96848739495799,True,100.0,40.47636554621849,False,0.0,0.0
439,439,439199,"Office and Administrative Support Workers, All Other",830.0,45280.0,37582400.0,35.95915032679739,False,0.0,26.969362745098042,False,0.0,0.0
451,451,451011,"First-Line Supervisors of Farming, Fishing, and Forestry Workers",40.0,64580.0,2583200.0,25.53186274509804,False,0.0,19.14889705882353,False,0.0,0.0
452,452,452092,"Farmworkers and Laborers, Crop, Nursery, and Greenhouse",120.0,39610.0,4753200.0,37.4264705882353,False,0.0,28.06985294117647,False,0.0,0.0
452,452,452093,"Farmworkers, Farm, Ranch, and Aquacultural Animals",60.0,47940.0,2876400.0,34.11437908496732,False,0.0,25.58578431372549,False,0.0,0.0
454,454,454022,Logging Equipment Operators,60.0,59790.0,3587400.0,43.128676470588246,False,0.0,32.34650735294118,False,0.0,0.0
471,471,471011,First-Line Supervisors of Construction Trades and Extraction Workers,2600.0,94190.0,244894000.0,34.59436274509804,False,0.0,25.94577205882353,False,0.0,0.0
472,472,472031,Carpenters,2470.0,72220.0,178383400.0,22.588235294117645,False,0.0,16.941176470588236,False,0.0,0.0
472,472,472041,Carpet Installers,50.0,61450.0,3072500.0,27.098039215686278,False,0.0,20.323529411764707,False,0.0,0.0
472,472,472043,Floor Sanders and Finishers,40.0,48250.0,1930000.0,20.628676470588232,False,0.0,15.471507352941172,False,0.0,0.0
472,472,472051,Cement Masons and Concrete Finishers,80.0,78700.0,6296000.0,16.176470588235293,False,0.0,12.13235294117647,False,0.0,0.0
472,472,472061,Construction Laborers,2790.0,55690.0,155375100.0,61.89495798319329,True,100.0,46.42121848739497,False,0.0,0.0
472,472,472071,"Paving, Surfacing, and Tamping Equipment Operators",110.0,71600.0,7876000.0,30.157754010695193,False,0.0,22.618315508021393,False,0.0,0.0
472,472,472073,Operating Engineers and Other Construction Equipment Operators,2930.0,76420.0,223910600.0,41.122549019607845,False,0.0,30.841911764705888,False,0.0,0.0
472,472,472081,Drywall and Ceiling Tile Installers,100.0,65200.0,6520000.0,21.52139037433155,False,0.0,16.141042780748663,False,0.0,0.0
472,472,472111,Electricians,1620.0,82160.0,133099200.0,37.518716577540104,False,0.0,28.139037433155078,False,0.0,0.0
472,472,472121,Glaziers,120.0,52780.0,6333600.0,36.18067226890756,False,0.0,27.135504201680664,False,0.0,0.0
472,472,472131,"Insulation Workers, Floor, Ceiling, and Wall",100.0,59630.0,5963000.0,42.191176470588246,False,0.0,31.643382352941185,False,0.0,0.0
472,472,472132,"Insulation Workers, Mechanical",50.0,80440.0,4022000.0,25.588235294117645,False,0.0,19.191176470588232,False,0.0,0.0
472,472,472141,"Painters, Construction and Maintenance",360.0,68270.0,24577200.0,28.789915966386552,False,0.0,21.592436974789912,False,0.0,0.0
472,472,472152,"Plumbers, Pipefitters, and Steamfitters",960.0,82100.0,78816000.0,31.960784313725487,False,0.0,23.970588235294116,False,0.0,0.0
472,472,472181,Roofers,180.0,67880.0,12218400.0,37.705882352941174,False,0.0,28.27941176470588,False,0.0,0.0
472,472,472211,Sheet Metal Workers,240.0,90810.0,21794400.0,34.61344537815126,False,0.0,25.96008403361345,False,0.0,0.0
472,472,472221,Structural Iron and Steel Workers,130.0,71050.0,9236500.0,16.53921568627451,False,0.0,12.404411764705884,False,0.0,0.0
472,472,472231,Solar Photovoltaic Installers,,71150.0,,40.67647058823529,False,0.0,30.507352941176467,False,0.0,0.0
473,473,473012,Helpers--Carpenters,270.0,35490.0,9582300.0,43.72459893048129,False,0.0,32.793449197860966,False,0.0,0.0
473,473,473015,"Helpers--Pipelayers, Plumbers, Pipefitters, and Steamfitters",80.0,51380.0,4110400.0,57.852941176470594,True,100.0,43.38970588235295,False,0.0,0.0
473,473,473019,"Helpers, Construction Trades, All Other",150.0,39190.0,5878500.0,35.95915032679739,False,0.0,26.969362745098042,False,0.0,0.0
474,474,474011,Construction and Building Inspectors,230.0,88720.0,20405600.0,28.88235294117647,False,0.0,21.66176470588235,False,0.0,0.0
474,474,474031,Fence Erectors,140.0,56540.0,7915600.0,37.78921568627452,False,0.0,28.34191176470589,False,0.0,0.0
474,474,474041,Hazardous Materials Removal Workers,320.0,54780.0,17529600.0,38.59803921568628,False,0.0,28.948529411764707,False,0.0,0.0
474,474,474051,Highway Maintenance Workers,80.0,52080.0,4166400.0,39.94771241830066,False,0.0,29.960784313725497,False,0.0,0.0
474,474,474071,Septic Tank Servicers and Sewer Pipe Cleaners,80.0,51550.0,4124000.0,27.25210084033613,False,0.0,20.439075630252095,False,0.0,0.0
474,474,474090,Miscellaneous Construction and Related Workers,40.0,50820.0,2032800.0,35.95915032679739,False,0.0,26.969362745098042,False,0.0,0.0
475,475,475011,"Derrick Operators, Oil and Gas",220.0,76070.0,16735400.0,57.852941176470594,True,100.0,43.38970588235295,False,0.0,0.0
475,475,475012,"Rotary Drill Operators, Oil and Gas",140.0,88220.0,12350800.0,42.66176470588236,False,0.0,31.996323529411768,False,0.0,0.0
475,475,475013,"Service Unit Operators, Oil and Gas",1010.0,107710.0,108787100.0,37.20320855614973,False,0.0,27.902406417112296,False,0.0,0.0
475,475,475022,"Excavating and Loading Machine and Dragline Operators, Surface Mining",120.0,83140.0,9976800.0,35.37009803921569,False,0.0,26.527573529411768,False,0.0,0.0
475,475,475023,"Earth Drillers, Except Oil and Gas",210.0,63980.0,13435800.0,43.59558823529413,False,0.0,32.6966911764706,False,0.0,0.0
475,475,475032,"Explosives Workers, Ordnance Handling Experts, and Blasters",30.0,67975.0,2039250.0,49.248663101604286,False,0.0,36.93649732620321,False,0.0,0.0
475,475,475049,"Underground Mining Machine Operators, All Other",40.0,83570.0,3342800.0,35.95915032679739,False,0.0,26.969362745098042,False,0.0,0.0
475,475,475071,"Roustabouts, Oil and Gas",390.0,61860.0,24125400.0,35.352941176470594,False,0.0,26.514705882352946,False,0.0,0.0
475,475,475081,Helpers--Extraction Workers,390.0,48310.0,18840900.0,54.87254901960785,True,100.0,41.15441176470589,False,0.0,0.0
475,475,475099,"Extraction Workers, All Other",50.0,57380.0,2869000.0,35.95915032679739,False,0.0,26.969362745098042,False,0.0,0.0
491,491,491011,"First-Line Supervisors of Mechanics, Installers, and Repairers",2030.0,94050.0,190921500.0,33.89338235294118,False,0.0,25.420036764705888,False,0.0,0.0
492,492,492011,"Computer, Automated Teller, and Office Machine Repairers",140.0,57660.0,8072400.0,36.73856209150327,False,0.0,27.553921568627448,False,0.0,0.0
492,492,492022,"Telecommunications Equipment Installers and Repairers, Except Line Installers",1040.0,86580.0,90043200.0,33.32352941176471,False,0.0,24.99264705882353,False,0.0,0.0
492,492,492091,Avionics Technicians,140.0,66670.0,9333800.0,50.64066496163684,True,100.0,37.980498721227626,False,0.0,0.0
492,492,492093,"Electrical and Electronics Installers and Repairers, Transportation Equipment",30.0,62650.0,1879500.0,58.47058823529413,True,100.0,43.852941176470594,False,0.0,0.0
492,492,492094,"Electrical and Electronics Repairers, Commercial and Industrial Equipment",180.0,85540.0,15397200.0,32.88235294117647,False,0.0,24.661764705882355,False,0.0,0.0
492,492,492095,"Electrical and Electronics Repairers, Powerhouse, Substation, and Relay",90.0,101190.0,9107100.0,44.02139037433155,False,0.0,33.01604278074867,False,0.0,0.0
492,492,492097,Audiovisual Equipment Installers and Repairers,30.0,47980.0,1439400.0,42.58823529411765,False,0.0,31.94117647058824,False,0.0,0.0
492,492,492098,Security and Fire Alarm Systems Installers,160.0,69430.0,11108800.0,40.18325791855204,False,0.0,30.13744343891403,False,0.0,0.0
493,493,493011,Aircraft Mechanics and Service Technicians,1180.0,80820.0,95367600.0,29.59728506787329,False,0.0,22.19796380090497,False,0.0,0.0
493,493,493021,Automotive Body and Related Repairers,280.0,60790.0,17021200.0,30.589869281045758,False,0.0,22.942401960784316,False,0.0,0.0
493,493,493022,Automotive Glass Installers and Repairers,140.0,49270.0,6897800.0,36.08823529411765,False,0.0,27.066176470588243,False,0.0,0.0
493,493,493023,Automotive Service Technicians and Mechanics,1590.0,62290.0,99041100.0,26.264705882352946,False,0.0,19.69852941176471,False,0.0,0.0
493,493,493031,Bus and Truck Mechanics and Diesel Engine Specialists,600.0,69760.0,41856000.0,35.86764705882353,False,0.0,26.900735294117645,False,0.0,0.0
493,493,493042,"Mobile Heavy Equipment Mechanics, Except Engines",1250.0,80330.0,100412500.0,30.4264705882353,False,0.0,22.819852941176475,False,0.0,0.0
493,493,493051,Motorboat Mechanics and Service Technicians,110.0,62140.0,6835400.0,43.6764705882353,False,0.0,32.75735294117647,False,0.0,0.0
493,493,493052,Motorcycle Mechanics,120.0,42990.0,5158800.0,34.24866310160428,False,0.0,25.686497326203213,False,0.0,0.0
493,493,493053,Outdoor Power Equipment and Other Small Engine Mechanics,50.0,51380.0,2569000.0,31.892156862745104,False,0.0,23.919117647058826,False,0.0,0.0
493,493,493091,Bicycle Repairers,100.0,36150.0,3615000.0,29.947712418300654,False,0.0,22.46078431372549,False,0.0,0.0
493,493,493092,Recreational Vehicle Service Technicians,90.0,54960.0,4946400.0,32.169934640522875,False,0.0,24.127450980392158,False,0.0,0.0
493,493,493093,Tire Repairers and Changers,430.0,40520.0,17423600.0,33.62254901960784,False,0.0,25.21691176470588,False,0.0,0.0
499,499,499012,"Control and Valve Installers and Repairers, Except Mechanical Door",90.0,86620.0,7795800.0,42.8235294117647,False,0.0,32.11764705882353,False,0.0,0.0
499,499,499021,"Heating, Air Conditioning, and Refrigeration Mechanics and Installers",610.0,75660.0,46152600.0,28.02941176470588,False,0.0,21.02205882352941,False,0.0,0.0
499,499,499031,Home Appliance Repairers,50.0,54110.0,2705500.0,37.870098039215684,False,0.0,28.40257352941176,False,0.0,0.0
499,499,499041,Industrial Machinery Mechanics,620.0,81950.0,50809000.0,29.694852941176475,False,0.0,22.271139705882355,False,0.0,0.0
499,499,499043,"Maintenance Workers, Machinery",70.0,69580.0,4870600.0,37.00420168067227,False,0.0,27.7531512605042,False,0.0,0.0
499,499,499044,Millwrights,200.0,69490.0,13898000.0,65.31617647058825,True,100.0,48.98713235294119,False,0.0,0.0
499,499,499051,Electrical Power-Line Installers and Repairers,420.0,102580.0,43083600.0,34.79864253393665,False,0.0,26.09898190045249,False,0.0,0.0
499,499,499052,Telecommunications Line Installers and Repairers,130.0,79940.0,10392200.0,33.098039215686285,False,0.0,24.823529411764717,False,0.0,0.0
499,499,499062,Medical Equipment Repairers,80.0,75760.0,6060800.0,39.1200980392157,False,0.0,29.340073529411775,False,0.0,0.0
499,499,499069,"Precision Instrument and Equipment Repairers, All Other",100.0,106350.0,10635000.0,35.95915032679739,False,0.0,26.969362745098042,False,0.0,0.0
499,499,499071,"Maintenance and Repair Workers, General",4170.0,59800.0,249366000.0,37.915849673202615,False,0.0,28.436887254901965,False,0.0,0.0
499,499,499091,"Coin, Vending, and Amusement Machine Servicers and Repairers",,35400.0,,37.25210084033613,False,0.0,27.9390756302521,False,0.0,0.0
499,499,499092,Commercial Divers,40.0,61140.0,2445600.0,25.588235294117645,False,0.0,19.191176470588232,False,0.0,0.0
499,499,499098,"Helpers--Installation, Maintenance, and Repair Workers",490.0,48270.0,23652300.0,40.26470588235294,False,0.0,30.198529411764707,False,0.0,0.0
499,499,499099,"Installation, Maintenance, and Repair Workers, All Other",110.0,85380.0,9391800.0,44.414027149321264,False,0.0,33.310520361990946,False,0.0,0.0
511,511,511011,First-Line Supervisors of Production and Operating Workers,1040.0,81740.0,85009600.0,36.13570691434468,False,0.0,27.101780185758507,False,0.0,0.0
512,512,512041,Structural Metal Fabricators and Fitters,140.0,58710.0,8219400.0,44.1764705882353,False,0.0,33.13235294117647,False,0.0,0.0
512,512,512090,Miscellaneous Assemblers and Fabricators,110.0,47370.0,5210700.0,35.95915032679739,False,0.0,26.969362745098042,False,0.0,0.0
513,513,513011,Bakers,630.0,34320.0,21621600.0,34.44501278772378,False,0.0,25.833759590792837,False,0.0,0.0
513,513,513021,Butchers and Meat Cutters,240.0,48290.0,11589600.0,41.122549019607845,False,0.0,30.841911764705888,False,0.0,0.0
513,513,513022,"Meat, Poultry, and Fish Cutters and Trimmers",1820.0,35060.0,63809200.0,17.970588235294123,False,0.0,13.477941176470592,False,0.0,0.0
513,513,513091,"Food and Tobacco Roasting, Baking, and Drying Machine Operators and Tenders",30.0,41660.0,1249800.0,35.235294117647065,False,0.0,26.426470588235297,False,0.0,0.0
513,513,513092,Food Batchmakers,120.0,62090.0,7450800.0,32.01960784313726,False,0.0,24.014705882352942,False,0.0,0.0
514,514,514031,"Cutting, Punching, and Press Machine Setters, Operators, and Tenders, Metal and Plastic",60.0,51060.0,3063600.0,43.1764705882353,False,0.0,32.38235294117647,False,0.0,0.0
514,514,514041,Machinists,180.0,65150.0,11727000.0,33.331932773109244,False,0.0,24.998949579831937,False,0.0,0.0
514,514,514121,"Welders, Cutters, Solderers, and Brazers",510.0,79210.0,40397100.0,42.87556561085973,False,0.0,32.1566742081448,False,0.0,0.0
514,514,514122,"Welding, Soldering, and Brazing Machine Setters, Operators, and Tenders",80.0,65210.0,5216800.0,45.21848739495799,False,0.0,33.91386554621849,False,0.0,0.0
515,515,515112,Printing Press Operators,120.0,44400.0,5328000.0,35.91176470588236,False,0.0,26.93382352941177,False,0.0,0.0
515,515,515113,Print Binding and Finishing Workers,40.0,39020.0,1560800.0,30.157754010695193,False,0.0,22.618315508021393,False,0.0,0.0
516,516,516011,Laundry and Dry-Cleaning Workers,480.0,37400.0,17952000.0,27.885026737967923,False,0.0,20.91377005347594,False,0.0,0.0
516,516,516031,Sewing Machine Operators,50.0,45720.0,2286000.0,43.205882352941174,False,0.0,32.40441176470588,False,0.0,0.0
516,516,516052,"Tailors, Dressmakers, and Custom Sewers",40.0,36560.0,1462400.0,30.781045751633982,False,0.0,23.085784313725487,False,0.0,0.0
517,517,517011,Cabinetmakers and Bench Carpenters,30.0,48380.0,1451400.0,44.39495798319328,False,0.0,33.29621848739496,False,0.0,0.0
517,517,517041,"Sawing Machine Setters, Operators, and Tenders, Wood",70.0,42940.0,3005800.0,43.680672268907564,False,0.0,32.760504201680675,False,0.0,0.0
518,518,518012,Power Distributors and Dispatchers,40.0,113780.0,4551200.0,18.584178498985803,False,0.0,13.938133874239353,False,0.0,0.0
518,518,518013,Power Plant Operators,700.0,81830.0,57281000.0,25.02832244008714,False,0.0,18.771241830065357,False,0.0,0.0
518,518,518021,Stationary Engineers and Boiler Operators,170.0,80980.0,13766600.0,37.67320261437909,False,0.0,28.254901960784316,False,0.0,0.0
518,518,518031,Water and Wastewater Treatment Plant and System Operators,480.0,73060.0,35068800.0,25.72875816993464,False,0.0,19.29656862745098,False,0.0,0.0
518,518,518092,Gas Plant Operators,,125100.0,,42.88502673796792,False,0.0,32.163770053475936,False,0.0,0.0
518,518,518093,"Petroleum Pump System Operators, Refinery Operators, and Gaugers",330.0,99340.0,32782200.0,27.25210084033613,False,0.0,20.439075630252095,False,0.0,0.0
518,518,518099,"Plant and System Operators, All Other",50.0,68950.0,3447500.0,41.62009803921569,False,0.0,31.215073529411768,False,0.0,0.0
519,519,519012,"Separating, Filtering, Clarifying, Precipitating, and Still Machine Setters, Operators, and Tenders",130.0,65830.0,8557900.0,46.336601307189554,False,0.0,34.75245098039216,False,0.0,0.0
519,519,519021,"Crushing, Grinding, and Polishing Machine Setters, Operators, and Tenders",70.0,61200.0,4284000.0,42.60924369747899,False,0.0,31.95693277310924,False,0.0,0.0
519,519,519023,"Mixing and Blending Machine Setters, Operators, and Tenders",120.0,37140.0,4456800.0,45.157754010695186,False,0.0,33.86831550802138,False,0.0,0.0
519,519,519032,"Cutting and Slicing Machine Setters, Operators, and Tenders",110.0,38800.0,4268000.0,64.22058823529413,True,100.0,48.165441176470594,False,0.0,0.0
519,519,519061,"Inspectors, Testers, Sorters, Samplers, and Weighers",250.0,77150.0,19287500.0,42.67927170868347,False,0.0,32.00945378151261,False,0.0,0.0
519,519,519111,Packaging and Filling Machine Operators and Tenders,220.0,41690.0,9171800.0,41.74866310160428,False,0.0,31.31149732620321,False,0.0,0.0
519,519,519124,"Coating, Painting, and Spraying Machine Setters, Operators, and Tenders",130.0,58590.0,7616700.0,22.203208556149733,False,0.0,16.6524064171123,False,0.0,0.0
519,519,519162,Computer Numerically Controlled Tool Programmers,,114570.0,,20.856572258533046,False,0.0,15.642429193899785,False,0.0,0.0
519,519,519198,Helpers--Production Workers,150.0,46790.0,7018500.0,61.82843137254903,True,100.0,46.371323529411775,False,0.0,0.0
519,519,519199,"Production Workers, All Other",120.0,54300.0,6516000.0,35.95915032679739,False,0.0,26.969362745098042,False,0.0,0.0
531,531,531041,Aircraft Cargo Handling Supervisors,100.0,62740.0,6274000.0,34.3921568627451,False,0.0,25.794117647058822,False,0.0,0.0
531,531,531047,"First-Line Supervisors of Transportation and Material Moving Workers, Except Aircraft Cargo Handling Supervisors",1770.0,74360.0,131617200.0,35.95915032679739,False,0.0,26.969362745098042,False,0.0,0.0
532,532,532011,"Airline Pilots, Copilots, and Flight Engineers",1100.0,67975.0,74772500.0,31.261029411764707,False,0.0,23.44577205882353,False,0.0,0.0
532,532,532012,Commercial Pilots,1660.0,136150.0,226009000.0,27.82174688057041,False,0.0,20.866310160427805,False,0.0,0.0
532,532,532021,Air Traffic Controllers,470.0,122480.0,57565600.0,29.72794117647059,False,0.0,22.295955882352942,False,0.0,0.0
532,532,532022,Airfield Operations Specialists,190.0,62720.0,11916800.0,45.14117647058824,False,0.0,33.85588235294118,False,0.0,0.0
533,533,533031,Driver/Sales Workers,860.0,38760.0,33333600.0,18.566844919786096,False,0.0,13.925133689839573,False,0.0,0.0
533,533,533032,Heavy and Tractor-Trailer Truck Drivers,2920.0,65870.0,192340400.0,28.35294117647059,False,0.0,21.264705882352946,False,0.0,0.0
533,533,533033,Light Truck Drivers,1290.0,55810.0,71994900.0,18.644796380090494,False,0.0,13.983597285067873,False,0.0,0.0
533,533,533051,"Bus Drivers, School",500.0,53870.0,26935000.0,27.852941176470587,False,0.0,20.88970588235294,False,0.0,0.0
533,533,533052,"Bus Drivers, Transit and Intercity",170.0,67050.0,11398500.0,21.095588235294123,False,0.0,15.821691176470592,False,0.0,0.0
533,533,533053,Shuttle Drivers and Chauffeurs,670.0,41840.0,28032800.0,19.756535947712422,False,0.0,14.817401960784316,False,0.0,0.0
533,533,533099,"Motor Vehicle Operators, All Other",100.0,61470.0,6147000.0,35.95915032679739,False,0.0,26.969362745098042,False,0.0,0.0
535,535,535011,Sailors and Marine Oilers,390.0,62800.0,24492000.0,40.578431372549026,False,0.0,30.433823529411775,False,0.0,0.0
535,535,535021,"Captains, Mates, and Pilots of Water Vessels",700.0,87740.0,61418000.0,31.423202614379093,False,0.0,23.567401960784316,False,0.0,0.0
535,535,535022,Motorboat Operators,30.0,45680.0,1370400.0,11.878676470588237,False,0.0,8.909007352941178,False,0.0,0.0
535,535,535031,Ship Engineers,330.0,87190.0,28772700.0,39.292780748663105,False,0.0,29.469585561497325,False,0.0,0.0
536,536,536021,Parking Attendants,60.0,32420.0,1945200.0,31.253676470588232,False,0.0,23.440257352941174,False,0.0,0.0
536,536,536031,Automotive and Watercraft Service Attendants,310.0,40230.0,12471300.0,30.31617647058824,False,0.0,22.73713235294118,False,0.0,0.0
536,536,536032,Aircraft Service Attendants,210.0,42160.0,8853600.0,24.745098039215684,False,0.0,18.558823529411764,False,0.0,0.0
536,536,536061,Passenger Attendants,140.0,49890.0,6984600.0,33.62254901960784,False,0.0,25.21691176470588,False,0.0,0.0
536,536,536099,"Transportation Workers, All Other",,58040.0,,35.95915032679739,False,0.0,26.969362745098042,False,0.0,0.0
537,537,537021,Crane and Tower Operators,40.0,86180.0,3447200.0,41.122549019607845,False,0.0,30.841911764705888,False,0.0,0.0
537,537,537041,Hoist and Winch Operators,50.0,46720.0,2336000.0,57.735294117647065,True,100.0,43.3014705882353,False,0.0,0.0
537,537,537051,Industrial Truck and Tractor Operators,610.0,53050.0,32360500.0,24.062091503267975,False,0.0,18.04656862745098,False,0.0,0.0
537,537,537061,Cleaners of Vehicles and Equipment,640.0,35150.0,22496000.0,20.705882352941178,False,0.0,15.529411764705884,False,0.0,0.0
537,537,537062,"Laborers and Freight, Stock, and Material Movers, Hand",3600.0,50310.0,181116000.0,36.700980392156865,False,0.0,27.52573529411765,False,0.0,0.0
537,537,537064,"Packers and Packagers, Hand",880.0,40440.0,35587200.0,50.82352941176471,True,100.0,38.117647058823536,False,0.0,0.0
537,537,537065,Stockers and Order Fillers,6630.0,41360.0,274216800.0,34.72794117647059,False,0.0,26.045955882352946,False,0.0,0.0
537,537,537071,Gas Compressor and Gas Pumping Station Operators,70.0,67975.0,4758250.0,39.03921568627451,False,0.0,29.27941176470588,False,0.0,0.0
537,537,537072,"Pump Operators, Except Wellhead Pumpers",230.0,63970.0,14713100.0,37.25210084033613,False,0.0,27.9390756302521,False,0.0,0.0
537,537,537081,Refuse and Recyclable Material Collectors,400.0,48530.0,19412000.0,9.926470588235295,False,0.0,7.444852941176472,False,0.0,0.0
537,537,537121,"Tank Car, Truck, and Ship Loaders",70.0,77050.0,5393500.0,42.60924369747899,False,0.0,31.95693277310924,False,0.0,0.0
537,537,537199,"Material Moving Workers, All Other",140.0,48350.0,6769000.0,35.95915032679739,False,0.0,26.969362745098042,False,0.0,0.0
