AREA,AREA_TITLE,AREA_TYPE,PRIM_STATE,NAICS,NAICS_TITLE,I_GROUP,OWN_CODE,OCC_CODE,OCC_TITLE,O_GROUP,TOT_EMP,EMP_PRSE,JOBS_1000,LOC_QUOTIENT,PCT_TOTAL,PCT_RPT,H_MEAN,A_MEAN,MEAN_PRSE,H_PCT10,H_PCT25,H_MEDIAN,H_PCT75,H_PCT90,A_PCT10,A_PCT25,A_MEDIAN,A_PCT75,A_PCT90,ANNUAL,HOURLY,SOC_Code_Cleaned,tech_intensity_score,automation_susceptibility,automation_risk_category,major_group,estimated_zapier_apps_major,major_group_emp_total,emp_proportion,estimated_zapier_apps,zapier_apps_per_worker,zapier_apps_normalized,automation_susceptibility_norm,enhanced_automation_risk,enhanced_risk_category,economic_value,is_potentially_at_risk,is_currently_at_risk,potential_index,econ_potential_index,minor_group,minor_group_name
78,Virgin Islands,3,VI,0,Cross-industry,cross-industry,1235,11-1011,Chief Executives,detailed,120.0,8.9,3.465,2.49,,,83.14,172930.0,3.7,33.36,50.48,65.25,95.25,#,"69,390","105,000",135720.0,"198,120",#,,,111011,12.305882352941175,37.70348139255702,Low,11,0.0,2580.0,0.046511627906976744,0.0,0.0,0,0.37703481392557026,28.27761104441777,Low,20751600.0,False,False,0.0,0.16092998095734898,111,111
78,Virgin Islands,3,VI,0,Cross-industry,cross-industry,1235,11-1021,General and Operations Managers,detailed,1180.0,10.4,35.115,1.52,,,45.81,95290.0,3.7,19.88,27.37,37.64,51.39,81.55,"41,360","56,930",78290.0,"106,880","169,610",,,111021,14.610314262691375,43.23811442385173,Moderate,11,0.0,2580.0,0.4573643410852713,0.0,0.0,0,0.43238114423851726,32.428585817888795,Low,112442200.0,False,False,0.0,1.0,111,111
78,Virgin Islands,3,VI,0,Cross-industry,cross-industry,1235,11-2021,Marketing Managers,detailed,40.0,17.0,1.086,0.45,,,38.91,80930.0,4.2,27.74,27.74,33.86,42.06,61.79,"57,700","57,700",70420.0,"87,490","128,530",,,112021,18.60030959752322,55.71130030959752,Moderate,11,0.0,2580.0,0.015503875968992248,0.0,0.0,0,0.5571130030959752,41.78347523219814,Moderate,3237200.0,True,False,100.0,0.0370951170715283,112,112
78,Virgin Islands,3,VI,0,Cross-industry,cross-industry,1235,11-2022,Sales Managers,detailed,110.0,9.7,3.142,0.83,,,46.86,97470.0,13.7,23.49,27.24,30.50,52.55,77.38,"48,860","56,650",63440.0,"109,300","160,960",,,112022,13.779097658480868,42.214734437464315,Moderate,11,0.0,2580.0,0.04263565891472868,0.0,0.0,0,0.42214734437464313,31.661050828098237,Low,10721700.0,False,False,0.0,0.09309613091946116,112,112
78,Virgin Islands,3,VI,0,Cross-industry,cross-industry,1235,11-3012,Administrative Services Managers,detailed,80.0,6.8,2.365,1.48,,,32.69,68000.0,3.9,20.70,26.45,29.23,38.46,46.89,"43,060","55,020",60800.0,"80,000","97,540",,,113012,13.081722689075631,40.91859243697479,Moderate,11,0.0,2580.0,0.031007751937984496,0.0,0.0,0,0.40918592436974793,30.688944327731093,Low,5440000.0,False,False,0.0,0.04578503019154638,113,113
78,Virgin Islands,3,VI,0,Cross-industry,cross-industry,1235,11-3013,Facilities Managers,detailed,40.0,12.9,1.326,1.53,,,34.47,71700.0,7.3,17.61,27.11,31.74,42.30,52.96,"36,630","56,390",66020.0,"87,980","110,150",,,113013,12.952941176470588,40.78235294117648,Moderate,11,0.0,2580.0,0.015503875968992248,0.0,0.0,0,0.40782352941176475,30.58676470588236,Low,2868000.0,False,False,0.0,0.024057768697900144,113,113
78,Virgin Islands,3,VI,0,Cross-industry,cross-industry,1235,11-3021,Computer and Information Systems Managers,detailed,50.0,6.3,1.362,0.35,,,40.06,83330.0,5.9,31.00,34.66,39.61,43.11,50.48,"64,480","72,090",82390.0,"89,660","105,000",,,113021,19.48760385510136,55.72465935526753,Moderate,11,0.0,2580.0,0.01937984496124031,0.0,0.0,0,0.5572465935526753,41.79349451645065,Moderate,4166500.0,True,False,100.0,0.047755426463092755,113,113
78,Virgin Islands,3,VI,0,Cross-industry,cross-industry,1235,11-3031,Financial Managers,detailed,210.0,3.8,6.180,1.19,,,52.45,109090.0,3.0,28.36,34.85,42.09,56.11,99.03,"58,990","72,490",87550.0,"116,700","205,980",,,113031,13.675329236172082,43.44205443371379,Moderate,11,0.0,2580.0,0.08139534883720931,0.0,0.0,0,0.43442054433713795,32.58154082528535,Low,22908900.0,False,False,0.0,0.2047003150994883,113,113
78,Virgin Islands,3,VI,0,Cross-industry,cross-industry,1235,11-3071,"Transportation, Storage, and Distribution Managers",detailed,40.0,19.1,1.166,0.89,,,31.73,65990.0,2.8,22.58,22.58,28.84,37.37,49.03,"46,960","46,970",59990.0,"77,730","101,980",,,113071,10.869389978213508,29.95125272331155,Low,11,0.0,2580.0,0.015503875968992248,0.0,0.0,0,0.2995125272331155,22.463439542483663,Low,2639600.0,False,False,0.0,0.016261366219229544,113,113
78,Virgin Islands,3,VI,0,Cross-industry,cross-industry,1235,11-3121,Human Resources Managers,detailed,60.0,5.2,1.685,1.28,,,47.60,99010.0,3.5,28.84,33.65,40.72,47.78,71.42,"59,990","69,990",84690.0,"99,380","148,550",,,113121,9.211764705882352,26.166666666666664,Low,11,0.0,2580.0,0.023255813953488372,0.0,0.0,0,0.26166666666666666,19.624999999999996,Very Low,5940600.0,False,False,0.0,0.031972944379675274,113,113
78,Virgin Islands,3,VI,0,Cross-industry,cross-industry,1235,11-9021,Construction Managers,detailed,70.0,22.3,2.047,0.94,,,47.46,98720.0,3.5,31.25,37.61,47.83,59.93,61.58,"65,000","78,220",99490.0,"124,650","128,090",,,119021,12.699264705882351,38.31066176470588,Low,11,0.0,2580.0,0.027131782945736434,0.0,0.0,0,0.3831066176470588,28.73299632352941,Low,6910400.0,False,False,0.0,0.054453620440616364,119,119
78,Virgin Islands,3,VI,0,Cross-industry,cross-industry,1235,11-9032,"Education Administrators, Kindergarten through Secondary",detailed,140.0,3.9,4.163,2.09,,,*,80380.0,1.5,*,*,*,*,*,"48,190","62,010",81250.0,"86,390","108,170",True,,119032,13.438865546218487,37.525735294117645,Low,11,0.0,2580.0,0.05426356589147287,0.0,0.0,0,0.37525735294117646,28.144301470588236,Low,11253200.0,False,False,0.0,0.08685786849845656,119,119
78,Virgin Islands,3,VI,0,Cross-industry,cross-industry,1235,11-9051,Food Service Managers,detailed,80.0,23.2,2.305,1.42,,,28.93,60160.0,5.1,17.49,22.61,30.11,30.11,36.20,"36,380","47,020",62620.0,"62,630","75,300",,,119051,8.88657616892911,27.344645550527908,Low,11,0.0,2580.0,0.031007751937984496,0.0,0.0,0,0.2734464555052791,20.50848416289593,Low,4812800.0,False,False,0.0,0.027069113440457145,119,119
78,Virgin Islands,3,VI,0,Cross-industry,cross-industry,1235,11-9111,Medical and Health Services Managers,detailed,70.0,9.3,2.160,0.64,,,47.27,98320.0,1.7,27.51,34.83,40.51,53.17,79.54,"57,220","72,450",84260.0,"110,600","165,440",,,119111,13.85048633626679,41.0829087540528,Moderate,11,0.0,2580.0,0.027131782945736434,0.0,0.0,0,0.41082908754052805,30.812181565539603,Low,6882400.0,False,False,0.0,0.058157404217615005,119,119
78,Virgin Islands,3,VI,0,Cross-industry,cross-industry,1235,11-9141,"Property, Real Estate, and Community Association Managers",detailed,60.0,38.7,1.810,0.97,,,25.65,53350.0,12.8,14.42,14.43,20.02,28.84,46.37,"29,990","30,010",41630.0,"59,990","96,450",,,119141,12.353130929791272,35.72153700189754,Low,11,0.0,2580.0,0.023255813953488372,0.0,0.0,0,0.35721537001897535,26.79115275142315,Low,3201000.0,False,False,0.0,0.02351904757104186,119,119
78,Virgin Islands,3,VI,0,Cross-industry,cross-industry,1235,11-9151,Social and Community Service Managers,detailed,50.0,5.9,1.412,1.24,,,32.48,67560.0,2.4,20.00,25.65,32.06,38.62,45.67,"41,600","53,360",66680.0,"80,330","94,990",,,119151,9.444385026737969,30.88368983957219,Low,11,0.0,2580.0,0.01937984496124031,0.0,0.0,0,0.3088368983957219,23.162767379679146,Low,3378000.0,False,False,0.0,0.02145817321731454,119,119
78,Virgin Islands,3,VI,0,Cross-industry,cross-industry,1235,11-9199,"Managers, All Other",detailed,180.0,5.3,5.480,1.41,,,52.64,109490.0,4.4,26.44,34.44,42.90,62.11,93.04,"55,000","71,640",89240.0,"129,190","193,530",,,119199,12.594884910485934,35.54518329070759,Low,11,0.0,2580.0,0.06976744186046512,0.0,0.0,0,0.35545183290707594,26.658887468030695,Low,19708200.0,False,False,0.0,0.14408926902492386,119,119
78,Virgin Islands,3,VI,0,Cross-industry,cross-industry,1235,13-1020,Buyers and Purchasing Agents,detailed,100.0,20.5,2.825,0.90,,,29.42,61200.0,16.9,12.74,15.62,21.64,35.59,69.09,"26,490","32,490",45010.0,"74,020","143,700",,,131020,,35.95915032679739,Low,13,0.0,1760.0,0.056818181818181816,0.0,0.0,0,0.3595915032679739,26.969362745098042,Low,6120000.0,False,False,0.0,0.04526523325917114,131,131
78,Virgin Islands,3,VI,0,Cross-industry,cross-industry,1235,13-1031,"Claims Adjusters, Examiners, and Investigators",detailed,30.0,13.6,0.920,0.48,,,29.17,60680.0,2.0,16.48,17.48,24.29,38.15,47.78,"34,280","36,360",50520.0,"79,360","99,380",,,131031,10.969540692989524,29.341659951651888,Low,13,0.0,1760.0,0.017045454545454544,0.0,0.0,0,0.2934165995165189,22.006244963738915,Low,1820400.0,False,False,0.0,0.010986400472269143,131,131
78,Virgin Islands,3,VI,0,Cross-industry,cross-industry,1235,13-1041,Compliance Officers,detailed,200.0,2.2,5.892,2.33,,,34.17,71080.0,0.7,18.91,23.55,31.25,43.80,49.11,"39,330","48,990",65000.0,"91,100","102,150",,,131041,11.976470588235294,38.1764705882353,Low,13,0.0,1760.0,0.11363636363636363,0.0,0.0,0,0.38176470588235295,28.63235294117647,Low,14216000.0,False,False,0.0,0.11162901933663688,131,131
78,Virgin Islands,3,VI,0,Cross-industry,cross-industry,1235,13-1071,Human Resources Specialists,detailed,140.0,9.9,4.092,0.69,,,28.31,58880.0,3.7,19.52,23.30,27.30,31.00,38.09,"40,610","48,470",56790.0,"64,490","79,220",,,131071,14.547606019151848,41.717852257181946,Moderate,13,0.0,1760.0,0.07954545454545454,0.0,0.0,0,0.4171785225718195,31.288389192886463,Low,8243200.0,False,False,0.0,0.07073293807327365,131,131
78,Virgin Islands,3,VI,0,Cross-industry,cross-industry,1235,13-1082,Project Management Specialists,detailed,80.0,6.7,2.489,0.40,,,38.12,79280.0,3.1,22.86,26.44,34.85,51.78,57.69,"47,560","55,000",72480.0,"107,700","120,000",,,131082,14.013071895424838,44.81045751633988,Moderate,13,0.0,1760.0,0.045454545454545456,0.0,0.0,0,0.4481045751633988,33.60784313725491,Low,6342400.0,False,False,0.0,0.05845705412626768,131,131
78,Virgin Islands,3,VI,0,Cross-industry,cross-industry,1235,13-1111,Management Analysts,detailed,70.0,28.0,2.157,0.39,,,38.96,81050.0,6.8,23.67,26.13,35.35,46.24,57.61,"49,230","54,350",73530.0,"96,170","119,820",,,131111,22.94248366013072,67.4488017429194,High,13,0.0,1760.0,0.03977272727272727,0.0,0.0,0,0.674488017429194,50.58660130718955,Moderate,5673500.0,True,False,100.0,0.07870987398678157,131,131
78,Virgin Islands,3,VI,0,Cross-industry,cross-industry,1235,13-1151,Training and Development Specialists,detailed,40.0,24.0,1.172,0.44,,,25.50,53030.0,10.4,11.29,19.67,24.25,33.55,40.97,"23,490","40,910",50440.0,"69,780","85,210",,,131151,11.616993464052287,33.999748617395674,Low,13,0.0,1760.0,0.022727272727272728,0.0,0.0,0,0.33999748617395675,25.499811463046758,Low,2121200.0,False,False,0.0,0.01483410141287703,131,131
78,Virgin Islands,3,VI,0,Cross-industry,cross-industry,1235,13-1161,Market Research Analysts and Marketing Specialists,detailed,80.0,14.1,2.427,0.44,,,22.13,46020.0,9.3,11.43,11.43,18.36,27.08,39.12,"23,780","23,780",38190.0,"56,320","81,370",,,131161,17.145992893801814,49.710619818397156,Moderate,13,0.0,1760.0,0.045454545454545456,0.0,0.0,0,0.49710619818397156,37.282964863797865,Low,3681600.0,False,False,0.0,0.03764347421339247,131,131
78,Virgin Islands,3,VI,0,Cross-industry,cross-industry,1235,13-1199,"Business Operations Specialists, All Other",detailed,450.0,5.7,13.360,1.84,,,30.77,64010.0,1.6,18.43,18.70,30.20,39.04,47.78,"38,330","38,900",62820.0,"81,200","99,380",,,131199,12.68712241653418,40.366454689984096,Moderate,13,0.0,1760.0,0.2556818181818182,0.0,0.0,0,0.40366454689984094,30.274841017488068,Low,28804500.0,False,False,0.0,0.2391579752951995,131,131
78,Virgin Islands,3,VI,0,Cross-industry,cross-industry,1235,13-2011,Accountants and Auditors,detailed,360.0,4.9,10.610,1.12,,,30.37,63170.0,2.2,18.20,20.89,28.34,36.73,45.60,"37,860","43,450",58950.0,"76,400","94,840",,,132011,16.12153581097711,43.40007383706621,Moderate,13,0.0,1760.0,0.20454545454545456,0.0,0.0,0,0.4340007383706621,32.55005537779966,Low,22741200.0,False,False,0.0,0.20300548174389071,132,132
78,Virgin Islands,3,VI,0,Cross-industry,cross-industry,1235,13-2031,Budget Analysts,detailed,90.0,23.5,2.528,8.11,,,30.02,62450.0,2.0,21.63,26.44,31.25,32.00,36.54,"44,990","55,000",65000.0,"66,560","76,000",,,132031,12.606979062811568,34.568295114656046,Low,13,0.0,1760.0,0.05113636363636364,0.0,0.0,0,0.34568295114656045,25.926221335992032,Low,5620500.0,False,False,0.0,0.03996288491630629,132,132
78,Virgin Islands,3,VI,0,Cross-industry,cross-industry,1235,13-2041,Credit Analysts,detailed,40.0,22.1,1.136,2.36,,,55.63,115700.0,5.5,23.91,39.45,49.00,64.03,80.51,"49,740","82,060",101910.0,"133,170","167,450",,,132041,9.124533715925397,29.152797704447643,Low,13,0.0,1760.0,0.022727272727272728,0.0,0.0,0,0.2915279770444764,21.86459827833573,Low,4628000.0,False,False,0.0,0.02775092786484998,132,132
78,Virgin Islands,3,VI,0,Cross-industry,cross-industry,1235,13-2051,Financial and Investment Analysts,detailed,30.0,15.6,0.893,0.42,,,33.56,69810.0,3.9,21.68,26.44,29.05,37.93,41.92,"45,090","55,000",60420.0,"78,890","87,200",,,132051,14.456873578160543,39.89909002274943,Low,13,0.0,1760.0,0.017045454545454544,0.0,0.0,0,0.3989909002274943,29.92431751706207,Low,2094300.0,False,False,0.0,0.017187226600047463,132,132
78,Virgin Islands,3,VI,0,Cross-industry,cross-industry,1235,13-2072,Loan Officers,detailed,50.0,15.6,1.578,0.75,,,30.22,62860.0,12.8,13.81,18.24,24.54,38.76,47.65,"28,730","37,930",51050.0,"80,610","99,120",,,132072,7.607085561497327,21.290441176470594,Low,13,0.0,1760.0,0.028409090909090908,0.0,0.0,0,0.21290441176470595,15.967830882352946,Very Low,3143000.0,False,False,0.0,0.013763629111351138,132,132
78,Virgin Islands,3,VI,0,Cross-industry,cross-industry,1235,15-1211,Computer Systems Analysts,detailed,40.0,11.7,1.208,0.37,,,29.96,62320.0,6.8,23.24,24.36,26.42,34.79,38.69,"48,340","50,670",54950.0,"72,370","80,470",,,151211,25.71246453565349,72.19112918479289,High,15,0.0,310.0,0.12903225806451613,0.0,0.0,0,0.7219112918479289,54.14334688859467,Moderate,2492800.0,True,False,100.0,0.03701478150910442,151,151
78,Virgin Islands,3,VI,0,Cross-industry,cross-industry,1235,15-1231,Computer Network Support Specialists,detailed,60.0,34.2,1.650,1.58,,,27.19,56550.0,9.3,15.65,23.01,24.45,31.52,41.23,"32,550","47,860",50860.0,"65,560","85,760",,,151231,12.679248366013072,36.4203431372549,Low,15,0.0,310.0,0.1935483870967742,0.0,0.0,0,0.364203431372549,27.315257352941174,Low,3393000.0,False,False,0.0,0.025417440297010208,151,151
78,Virgin Islands,3,VI,0,Cross-industry,cross-industry,1235,15-1232,Computer User Support Specialists,detailed,80.0,8.5,2.463,0.54,,,22.90,47630.0,1.7,15.00,18.71,23.24,25.01,30.28,"31,200","38,910",48350.0,"52,020","62,980",,,151232,23.768226381461677,68.35995989304813,High,15,0.0,310.0,0.25806451612903225,0.0,0.0,0,0.6835995989304813,51.26996991978609,Moderate,3810400.0,True,False,100.0,0.05357674031748929,151,151
78,Virgin Islands,3,VI,0,Cross-industry,cross-industry,1235,15-1244,Network and Computer Systems Administrators,detailed,40.0,14.2,1.074,0.50,,,34.97,72740.0,2.2,25.46,31.19,34.66,39.23,44.44,"52,960","64,880",72090.0,"81,600","92,440",,,151244,22.3484741264927,63.465170278637764,High,15,0.0,310.0,0.12903225806451613,0.0,0.0,0,0.6346517027863776,47.59887770897832,Moderate,2909600.0,True,False,100.0,0.03798154762987896,151,151
78,Virgin Islands,3,VI,0,Cross-industry,cross-industry,1235,15-1252,Software Developers,detailed,30.0,34.8,0.949,0.09,,,63.79,132690.0,18.5,34.61,36.55,76.50,76.50,76.50,"71,990","76,010",159120.0,"159,120","159,130",,,151252,32.0,87.10588235294118,Very High,15,0.0,310.0,0.0967741935483871,0.0,0.0,0,0.8710588235294118,65.32941176470588,High,3980700.0,True,True,100.0,0.07131992083339952,151,151
78,Virgin Islands,3,VI,0,Cross-industry,cross-industry,1235,15-1299,"Computer Occupations, All Other",detailed,60.0,49.9,1.742,0.60,,,52.56,109320.0,23.7,18.47,26.26,45.68,84.13,84.13,"38,420","54,610",95010.0,"174,990","174,990",,,151299,16.645080687142116,49.5773034877668,Moderate,15,0.0,310.0,0.1935483870967742,0.0,0.0,0,0.495773034877668,37.182977615825095,Low,6559200.0,False,False,0.0,0.06688638039538701,151,151
78,Virgin Islands,3,VI,0,Cross-industry,cross-industry,1235,17-2051,Civil Engineers,detailed,40.0,19.5,1.246,0.58,,,31.09,64670.0,11.4,24.57,24.57,30.68,32.72,38.46,"51,110","51,110",63820.0,"68,060","80,000",,,172051,17.06343402225755,49.415341812400634,Moderate,17,0.0,40.0,1.0,0.0,0.0,0,0.4941534181240063,37.06150635930047,Low,2586800.0,False,False,0.0,0.026292299775611684,172,172
78,Virgin Islands,3,VI,0,Cross-industry,cross-industry,1235,19-2041,"Environmental Scientists and Specialists, Including Health",detailed,60.0,10.9,1.751,3.29,,,27.18,56540.0,1.1,18.91,21.27,25.88,29.75,37.90,"39,330","44,240",53840.0,"61,880","78,830",,,192041,14.886764705882356,42.52941176470589,Moderate,19,0.0,100.0,0.6,0.0,0.0,0,0.42529411764705893,31.897058823529424,Low,3392400.0,False,False,0.0,0.02967565747635966,192,192
78,Virgin Islands,3,VI,0,Cross-industry,cross-industry,1235,19-4061,Social Science Research Assistants,detailed,40.0,0.1,1.110,5.45,,,26.21,54530.0,1.2,19.50,22.28,23.91,28.84,33.24,"40,570","46,340",49720.0,"59,990","69,140",,,194061,17.916577540106953,58.73083778966133,Moderate,19,0.0,100.0,0.4,0.0,0.0,0,0.5873083778966133,44.048128342245995,Moderate,2181200.0,True,False,100.0,0.026349088995172413,194,194
78,Virgin Islands,3,VI,0,Cross-industry,cross-industry,1235,21-1012,"Educational, Guidance, and Career Counselors and Advisors",detailed,100.0,1.5,3.092,1.43,,,26.94,56040.0,1.4,16.83,24.83,26.12,31.36,31.36,"35,010","51,640",54320.0,"65,220","65,220",,,211012,11.555203619909502,32.47775263951734,Low,21,0.0,260.0,0.38461538461538464,0.0,0.0,0,0.32477752639517343,24.358314479638008,Low,5604000.0,False,False,0.0,0.037435877340754126,211,211
78,Virgin Islands,3,VI,0,Cross-industry,cross-industry,1235,21-1029,"Social Workers, All Other",detailed,60.0,3.8,1.650,4.28,,,28.18,58620.0,0.8,17.83,21.25,27.51,33.37,40.31,"37,090","44,200",57220.0,"69,410","83,840",,,211029,,35.95915032679739,Low,21,0.0,260.0,0.23076923076923078,0.0,0.0,0,0.3595915032679739,26.969362745098042,Low,3517200.0,False,False,0.0,0.02601419582012365,211,211
78,Virgin Islands,3,VI,0,Cross-industry,cross-industry,1235,21-1093,Social and Human Service Assistants,detailed,70.0,9.3,2.154,0.80,,,17.90,37230.0,1.3,11.81,14.31,16.74,18.48,26.81,"24,560","29,760",34830.0,"38,440","55,760",,,211093,10.227149321266968,36.33710407239819,Low,21,0.0,260.0,0.2692307692307692,0.0,0.0,0,0.3633710407239819,27.252828054298643,Low,2606100.0,False,False,0.0,0.01947804246094275,211,211
78,Virgin Islands,3,VI,0,Cross-industry,cross-industry,1235,21-1099,"Community and Social Service Specialists, All Other",detailed,30.0,10.5,0.961,1.53,,,20.78,43220.0,4.8,15.00,15.00,19.80,24.42,26.87,"31,200","31,200",41180.0,"50,790","55,890",,,211099,,35.95915032679739,Low,21,0.0,260.0,0.11538461538461539,0.0,0.0,0,0.3595915032679739,26.969362745098042,Low,1296600.0,False,False,0.0,0.009590016575791062,211,211
78,Virgin Islands,3,VI,0,Cross-industry,cross-industry,1235,23-1011,Lawyers,detailed,230.0,6.4,6.851,1.42,,,60.95,126770.0,3.2,38.04,46.98,55.02,64.66,84.13,"79,120","97,720",114440.0,"134,490","174,990",,,231011,13.968596572487264,36.6537748957851,Low,23,0.0,310.0,0.7419354838709677,0.0,0.0,0,0.36653774895785096,27.49033117183882,Low,29157100.0,False,False,0.0,0.21981987367906816,231,231
78,Virgin Islands,3,VI,0,Cross-industry,cross-industry,1235,23-2011,Paralegals and Legal Assistants,detailed,80.0,18.2,2.489,1.07,,,25.52,53080.0,1.8,19.23,22.20,25.61,26.80,31.09,"40,000","46,180",53260.0,"55,730","64,670",,,232011,12.13357100415924,32.96019013666073,Low,23,0.0,310.0,0.25806451612903225,0.0,0.0,0,0.3296019013666073,24.720142602495546,Low,4246400.0,False,False,0.0,0.028788201165127793,232,232
78,Virgin Islands,3,VI,0,Cross-industry,cross-industry,1235,25-1199,"Postsecondary Teachers, All Other",detailed,60.0,1.4,1.700,1.55,,,*,72120.0,1.2,*,*,*,*,*,"32,600","51,920",65070.0,"83,130","106,290",True,,251199,,35.95915032679739,Low,25,0.0,1740.0,0.034482758620689655,0.0,0.0,0,0.3595915032679739,26.969362745098042,Low,4327200.0,False,False,0.0,0.03200518257501395,251,251
78,Virgin Islands,3,VI,0,Cross-industry,cross-industry,1235,25-2011,"Preschool Teachers, Except Special Education",detailed,100.0,24.9,3.012,1.06,,,17.86,37140.0,8.6,11.79,14.33,18.88,22.50,24.81,"24,530","29,800",39270.0,"46,800","51,600",,,252011,3.4411764705882355,11.602941176470589,Very Low,25,0.0,1740.0,0.05747126436781609,0.0,0.0,0,0.11602941176470588,8.70220588235294,Very Low,3714000.0,False,False,0.0,0.00886367674590699,252,252
78,Virgin Islands,3,VI,0,Cross-industry,cross-industry,1235,25-2021,"Elementary School Teachers, Except Special Education",detailed,540.0,2.0,15.909,1.71,,,*,53160.0,0.6,*,*,*,*,*,"35,930","50,480",52340.0,"62,990","63,360",True,,252021,6.245098039215686,20.27941176470588,Low,25,0.0,1740.0,0.3103448275862069,0.0,0.0,0,0.2027941176470588,15.20955882352941,Very Low,28706400.0,False,False,0.0,0.11973965563836944,252,252
78,Virgin Islands,3,VI,0,Cross-industry,cross-industry,1235,25-2022,"Middle School Teachers, Except Special and Career/Technical Education",detailed,40.0,15.8,1.323,0.32,,,*,46470.0,5.0,*,*,*,*,*,"26,600","26,880",50570.0,"55,730","61,690",True,,252022,7.07563025210084,23.403361344537814,Low,25,0.0,1740.0,0.022988505747126436,0.0,0.0,0,0.23403361344537812,17.55252100840336,Very Low,1858800.0,False,False,0.0,0.008947770186043945,252,252
78,Virgin Islands,3,VI,0,Cross-industry,cross-industry,1235,25-2031,"Secondary School Teachers, Except Special and Career/Technical Education",detailed,510.0,4.9,15.111,2.20,,,*,54430.0,0.7,*,*,*,*,*,"37,500","50,670",51870.0,"62,220","65,090",True,,252031,7.79607843137255,23.656862745098042,Low,25,0.0,1740.0,0.29310344827586204,0.0,0.0,0,0.23656862745098042,17.742647058823533,Very Low,27759300.0,False,False,0.0,0.13507332161389335,252,252
78,Virgin Islands,3,VI,0,Cross-industry,cross-industry,1235,25-3021,Self-Enrichment Teachers,detailed,80.0,15.2,2.240,1.25,,,18.40,38270.0,2.7,14.98,15.00,15.88,21.34,24.48,"31,160","31,200",33020.0,"44,390","50,910",,,253021,9.444385026737969,30.88368983957219,Low,25,0.0,1740.0,0.04597701149425287,0.0,0.0,0,0.3088368983957219,23.162767379679146,Low,3061600.0,False,False,0.0,0.019448295773277145,253,253
78,Virgin Islands,3,VI,0,Cross-industry,cross-industry,1235,25-4022,Librarians and Media Collections Specialists,detailed,40.0,4.0,1.332,1.51,,,26.22,54530.0,2.4,14.65,23.94,30.00,30.52,31.84,"30,470","49,790",62400.0,"63,470","66,230",,,254022,13.30347271438696,39.76470588235295,Low,25,0.0,1740.0,0.022988505747126436,0.0,0.0,0,0.39764705882352946,29.82352941176471,Low,2181200.0,False,False,0.0,0.017840095826888013,254,254
78,Virgin Islands,3,VI,0,Cross-industry,cross-industry,1235,25-9031,Instructional Coordinators,detailed,,**,**,**,,,33.61,69920.0,0.7,13.77,26.37,36.77,40.86,49.20,"28,640","54,850",76480.0,"84,990","102,340",,,259031,10.675267379679145,31.915441176470587,Low,25,0.0,1740.0,,0.0,0.0,0,0.3191544117647059,23.936580882352942,Low,,False,False,0.0,,259,259
78,Virgin Islands,3,VI,0,Cross-industry,cross-industry,1235,25-9045,"Teaching Assistants, Except Postsecondary",detailed,370.0,1.2,11.111,1.26,,,*,36090.0,0.7,*,*,*,*,*,"31,770","34,220",36680.0,"38,460","38,460",True,,259045,,35.95915032679739,Low,25,0.0,1740.0,0.21264367816091953,0.0,0.0,0,0.3595915032679739,26.969362745098042,Low,13353300.0,False,False,0.0,0.0987647449803415,259,259
78,Virgin Islands,3,VI,0,Cross-industry,cross-industry,1235,27-3031,Public Relations Specialists,detailed,70.0,9.0,1.973,1.09,,,27.82,57860.0,4.7,12.27,18.43,26.44,31.25,38.38,"25,520","38,340",55000.0,"65,000","79,830",,,273031,12.003148301574152,37.895194697597354,Low,27,0.0,70.0,1.0,0.0,0.0,0,0.37895194697597356,28.42139602319802,Low,4050200.0,False,False,0.0,0.0315692694046835,273,273
78,Virgin Islands,3,VI,0,Cross-industry,cross-industry,1235,29-1051,Pharmacists,detailed,50.0,13.7,1.371,0.63,,,57.68,119970.0,3.3,41.40,53.16,59.00,60.35,67.80,"86,110","110,560",122720.0,"125,530","141,020",,,291051,9.34322250639386,31.18414322250639,Low,29,0.0,1010.0,0.04950495049504951,0.0,0.0,0,0.3118414322250639,23.38810741687979,Low,5998500.0,False,False,0.0,0.038475156838503576,291,291
78,Virgin Islands,3,VI,0,Cross-industry,cross-industry,1235,29-1071,Physician Assistants,detailed,30.0,47.8,0.896,0.93,,,69.51,144570.0,8.8,52.12,54.32,63.19,83.04,103.49,"108,420","112,980",131440.0,"172,730","215,270",,,291071,6.420433436532508,23.419504643962853,Low,29,0.0,1010.0,0.0297029702970297,0.0,0.0,0,0.23419504643962852,17.56462848297214,Very Low,4337100.0,False,False,0.0,0.02089205016032743,291,291
78,Virgin Islands,3,VI,0,Cross-industry,cross-industry,1235,29-1123,Physical Therapists,detailed,30.0,20.6,0.961,0.61,,,49.14,102200.0,3.9,27.27,38.11,48.07,51.79,66.36,"56,730","79,260",99990.0,"107,710","138,030",,,291123,5.9411764705882355,20.852941176470587,Low,29,0.0,1010.0,0.0297029702970297,0.0,0.0,0,0.20852941176470588,15.639705882352942,Very Low,3066000.0,False,False,0.0,0.013150533983490099,291,291
78,Virgin Islands,3,VI,0,Cross-industry,cross-industry,1235,29-1141,Registered Nurses,detailed,380.0,9.2,11.168,0.53,,,33.85,70410.0,1.8,21.66,28.84,33.20,40.51,42.12,"45,050","59,990",69050.0,"84,270","87,610",,,291141,7.837482900136799,27.035567715458274,Low,29,0.0,1010.0,0.37623762376237624,0.0,0.0,0,0.27035567715458275,20.276675786593707,Low,26755800.0,False,False,0.0,0.14878438489985588,291,291
78,Virgin Islands,3,VI,0,Cross-industry,cross-industry,1235,29-1218,Obstetricians and Gynecologists,detailed,40.0,17.4,1.053,8.07,,,73.61,153100.0,7.4,51.13,74.79,74.79,74.79,74.80,"106,350","155,560",155560.0,"155,560","155,570",,,291218,4.444385026737968,15.656417112299465,Very Low,29,0.0,1010.0,0.039603960396039604,0.0,0.0,0,0.15656417112299464,11.742312834224599,Very Low,6124000.0,False,False,0.0,0.019721115852901264,291,291
78,Virgin Islands,3,VI,0,Cross-industry,cross-industry,1235,29-2010,Clinical Laboratory Technologists and Technicians,detailed,100.0,15.6,2.914,1.32,,,24.89,51780.0,5.9,17.87,18.16,23.79,31.09,36.05,"37,180","37,770",49480.0,"64,670","74,980",,,292010,,35.95915032679739,Low,29,0.0,1010.0,0.09900990099009901,0.0,0.0,0,0.3595915032679739,26.969362745098042,Low,5178000.0,False,False,0.0,0.03829793755163206,292,292
78,Virgin Islands,3,VI,0,Cross-industry,cross-industry,1235,29-2034,Radiologic Technologists and Technicians,detailed,40.0,17.9,1.300,0.89,,,33.35,69360.0,3.9,18.16,22.45,37.46,40.60,41.21,"37,770","46,700",77920.0,"84,450","85,720",,,292034,5.647570332480819,20.205882352941178,Low,29,0.0,1010.0,0.039603960396039604,0.0,0.0,0,0.20205882352941176,15.154411764705882,Very Low,2774400.0,False,False,0.0,0.011530571019777917,292,292
78,Virgin Islands,3,VI,0,Cross-industry,cross-industry,1235,29-2042,Emergency Medical Technicians,detailed,60.0,4.7,1.777,1.62,,,21.22,44130.0,1.1,14.47,17.23,22.62,23.54,25.22,"30,090","35,840",47050.0,"48,960","52,460",,,292042,4.7977591036414555,16.756302521008397,Very Low,29,0.0,1010.0,0.0594059405940594,0.0,0.0,0,0.16756302521008398,12.5672268907563,Very Low,2647800.0,False,False,0.0,0.009125723157586786,292,292
78,Virgin Islands,3,VI,0,Cross-industry,cross-industry,1235,29-2051,Dietetic Technicians,detailed,40.0,2.3,1.139,7.14,,,21.09,43870.0,1.0,14.43,16.03,18.39,25.68,28.50,"30,010","33,330",38240.0,"53,410","59,270",,,292051,11.881947261663289,34.53245436105477,Low,29,0.0,1010.0,0.039603960396039604,0.0,0.0,0,0.34532454361054765,25.899340770791074,Low,1754800.0,False,False,0.0,0.012464044517659999,292,292
78,Virgin Islands,3,VI,0,Cross-industry,cross-industry,1235,29-2052,Pharmacy Technicians,detailed,60.0,37.3,1.718,0.57,,,19.66,40890.0,2.9,13.55,13.96,20.43,21.03,26.41,"28,190","29,030",42500.0,"43,730","54,930",,,292052,7.209907120743034,24.340557275541798,Low,29,0.0,1010.0,0.0594059405940594,0.0,0.0,0,0.24340557275541796,18.25541795665635,Very Low,2453400.0,False,False,0.0,0.01228295320630507,292,292
78,Virgin Islands,3,VI,0,Cross-industry,cross-industry,1235,29-2061,Licensed Practical and Licensed Vocational Nurses,detailed,50.0,10.0,1.451,0.35,,,24.18,50280.0,0.8,19.51,21.32,24.00,25.80,30.30,"40,580","44,350",49920.0,"53,670","63,020",,,292061,6.317647058823531,22.222689075630257,Low,29,0.0,1010.0,0.04950495049504951,0.0,0.0,0,0.22222689075630256,16.667016806722692,Very Low,2514000.0,False,False,0.0,0.011491211089659,292,292
78,Virgin Islands,3,VI,0,Cross-industry,cross-industry,1235,29-2072,Medical Records Specialists,detailed,40.0,8.8,1.101,0.90,,,21.04,43760.0,1.2,16.35,16.37,22.37,24.15,24.15,"34,010","34,040",46540.0,"50,220","50,220",,,292072,10.854160042395335,31.45972443031266,Low,29,0.0,1010.0,0.039603960396039604,0.0,0.0,0,0.31459724430312663,23.594793322734496,Low,1750400.0,False,False,0.0,0.011326510659193443,292,292
78,Virgin Islands,3,VI,0,Cross-industry,cross-industry,1235,29-2099,"Health Technologists and Technicians, All Other",detailed,90.0,8.3,2.647,2.35,,,28.10,58440.0,4.0,14.83,19.12,19.42,44.96,47.33,"30,840","39,760",40390.0,"93,530","98,450",,,292099,8.525696594427243,28.682662538699688,Low,29,0.0,1010.0,0.0891089108910891,0.0,0.0,0,0.2868266253869969,21.511996904024766,Low,5259600.0,False,False,0.0,0.031029594434760298,292,292
78,Virgin Islands,3,VI,0,Cross-industry,cross-industry,1235,31-1120,Home Health and Personal Care Aides,detailed,120.0,12.4,3.424,0.14,,,14.15,29430.0,1.1,11.62,13.48,13.80,14.97,17.11,"24,160","28,040",28700.0,"31,140","35,590",,,311120,,35.95915032679739,Low,31,0.0,490.0,0.24489795918367346,0.0,0.0,0,0.3595915032679739,26.969362745098042,Low,3531600.0,False,False,0.0,0.0261207022513217,311,311
78,Virgin Islands,3,VI,0,Cross-industry,cross-industry,1235,31-1131,Nursing Assistants,detailed,120.0,10.2,3.676,0.41,,,19.36,40270.0,1.3,15.17,18.86,19.28,19.42,22.50,"31,560","39,240",40100.0,"40,400","46,800",,,311131,6.680392156862745,24.478758169934643,Low,31,0.0,490.0,0.24489795918367346,0.0,0.0,0,0.24478758169934645,18.359068627450984,Very Low,4832400.0,False,False,0.0,0.024330788120249382,311,311
78,Virgin Islands,3,VI,0,Cross-industry,cross-industry,1235,31-9091,Dental Assistants,detailed,70.0,11.3,2.133,0.87,,,17.67,36750.0,5.1,12.97,13.05,16.88,20.42,24.97,"26,970","27,130",35100.0,"42,480","51,950",,,319091,5.517647058823529,19.248663101604276,Very Low,31,0.0,490.0,0.14285714285714285,0.0,0.0,0,0.19248663101604277,14.436497326203208,Very Low,2572500.0,False,False,0.0,0.010184972812658883,319,319
78,Virgin Islands,3,VI,0,Cross-industry,cross-industry,1235,31-9092,Medical Assistants,detailed,180.0,12.8,5.216,1.04,,,17.97,37380.0,2.5,14.31,15.75,18.18,19.92,21.07,"29,760","32,760",37810.0,"41,440","43,830",,,319092,8.21764705882353,27.014705882352946,Low,31,0.0,490.0,0.3673469387755102,0.0,0.0,0,0.27014705882352946,20.26102941176471,Low,6728400.0,False,False,0.0,0.03738659944174647,319,319
78,Virgin Islands,3,VI,0,Cross-industry,cross-industry,1235,33-1091,First-Line Supervisors of Security Workers,detailed,60.0,15.6,1.664,3.89,,,24.98,51950.0,3.9,13.50,16.00,20.89,31.07,40.60,"28,080","33,280",43450.0,"64,630","84,450",,,331091,12.790374331550804,42.88502673796792,Moderate,33,0.0,1380.0,0.043478260869565216,0.0,0.0,0,0.4288502673796792,32.163770053475936,Low,3117000.0,False,False,0.0,0.02749453674866295,331,331
78,Virgin Islands,3,VI,0,Cross-industry,cross-industry,1235,33-9032,Security Guards,detailed,1200.0,2.6,35.681,4.50,,,15.06,31320.0,5.5,10.51,10.89,13.94,18.33,19.96,"21,860","22,640",28990.0,"38,130","41,520",,,339032,7.790374331550802,28.566844919786092,Low,33,0.0,1380.0,0.8695652173913043,0.0,0.0,0,0.28566844919786094,21.42513368983957,Low,37584000.0,False,False,0.0,0.2208356560888472,339,339
78,Virgin Islands,3,VI,0,Cross-industry,cross-industry,1235,33-9092,"Lifeguards, Ski Patrol, and Other Recreational Protective Service Workers",detailed,30.0,17.1,1.003,1.23,,,16.86,35060.0,2.1,15.00,15.56,16.35,18.91,19.29,"31,200","32,360",34010.0,"39,330","40,120",,,339092,11.949019607843136,43.205882352941174,Moderate,33,0.0,1380.0,0.021739130434782608,0.0,0.0,0,0.4320588235294117,32.40441176470588,Low,1051800.0,False,False,0.0,0.00934716619182565,339,339
78,Virgin Islands,3,VI,0,Cross-industry,cross-industry,1235,33-9093,Transportation Security Screeners,detailed,90.0,0.8,2.700,8.55,,,22.31,46400.0,0.2,18.58,21.14,22.22,23.56,25.65,"38,650","43,970",46220.0,"49,000","53,350",,,339093,10.981372549019609,39.1200980392157,Low,33,0.0,1380.0,0.06521739130434782,0.0,0.0,0,0.391200980392157,29.340073529411775,Low,4176000.0,False,False,0.0,0.033601939361709965,339,339
78,Virgin Islands,3,VI,0,Cross-industry,cross-industry,1235,35-1011,Chefs and Head Cooks,detailed,110.0,26.7,3.225,2.84,,,20.80,43260.0,4.6,15.00,16.05,20.02,23.19,28.42,"31,210","33,370",41640.0,"48,240","59,110",,,351011,11.376470588235293,34.04117647058823,Low,35,0.0,4240.0,0.025943396226415096,0.0,0.0,0,0.34041176470588236,25.530882352941177,Low,4758600.0,False,False,0.0,0.033318671794757816,351,351
78,Virgin Islands,3,VI,0,Cross-industry,cross-industry,1235,35-1012,First-Line Supervisors of Food Preparation and Serving Workers,detailed,370.0,7.9,11.100,1.43,,,21.18,44050.0,4.3,12.32,13.39,19.78,25.26,29.53,"25,620","27,840",41140.0,"52,540","61,420",,,351012,6.075630252100841,19.189075630252102,Very Low,35,0.0,4240.0,0.08726415094339622,0.0,0.0,0,0.19189075630252103,14.391806722689077,Very Low,16298500.0,False,False,0.0,0.06432882377994514,351,351
78,Virgin Islands,3,VI,0,Cross-industry,cross-industry,1235,35-2012,"Cooks, Institution and Cafeteria",detailed,90.0,9.0,2.599,0.91,,,15.17,31560.0,2.3,12.00,13.52,14.71,15.42,19.69,"24,960","28,120",30600.0,"32,070","40,960",,,352012,8.201307189542483,24.947712418300654,Low,35,0.0,4240.0,0.02122641509433962,0.0,0.0,0,0.24947712418300655,18.710784313725494,Very Low,2840400.0,False,False,0.0,0.01457518756666752,352,352
78,Virgin Islands,3,VI,0,Cross-industry,cross-industry,1235,35-2014,"Cooks, Restaurant",detailed,530.0,9.1,15.722,1.69,,,16.50,34320.0,1.3,13.59,14.68,16.53,18.11,19.74,"28,270","30,530",34370.0,"37,670","41,060",,,352014,8.470588235294118,31.176470588235293,Low,35,0.0,4240.0,0.125,0.0,0.0,0,0.31176470588235294,23.38235294117647,Low,18189600.0,False,False,0.0,0.11664174715858863,352,352
78,Virgin Islands,3,VI,0,Cross-industry,cross-industry,1235,35-2021,Food Preparation Workers,detailed,350.0,6.3,10.367,1.79,,,14.48,30120.0,0.9,12.80,13.63,14.22,16.00,16.29,"26,620","28,350",29580.0,"33,280","33,890",,,352021,10.039215686274511,27.764705882352946,Low,35,0.0,4240.0,0.08254716981132075,0.0,0.0,0,0.27764705882352947,20.82352941176471,Low,10542000.0,False,False,0.0,0.060203259929750154,352,352
78,Virgin Islands,3,VI,0,Cross-industry,cross-industry,1235,35-3011,Bartenders,detailed,520.0,9.7,15.325,3.27,,,24.24,50430.0,10.5,11.58,13.98,19.57,27.89,50.30,"24,090","29,070",40710.0,"58,010","104,610",,,353011,3.898039215686275,13.078431372549021,Very Low,35,0.0,4240.0,0.12264150943396226,0.0,0.0,0,0.1307843137254902,9.808823529411766,Very Low,26223600.0,False,False,0.0,0.07054266925649313,353,353
78,Virgin Islands,3,VI,0,Cross-industry,cross-industry,1235,35-3023,Fast Food and Counter Workers,detailed,670.0,14.0,19.992,0.83,,,11.50,23920.0,1.3,10.83,10.91,11.08,11.12,12.88,"22,520","22,700",23040.0,"23,120","26,790",,,353023,6.124836601307189,20.86764705882353,Low,35,0.0,4240.0,0.1580188679245283,0.0,0.0,0,0.2086764705882353,15.650735294117645,Very Low,16026400.0,False,False,0.0,0.06878811046608721,353,353
78,Virgin Islands,3,VI,0,Cross-industry,cross-industry,1235,35-3031,Waiters and Waitresses,detailed,960.0,4.7,28.468,1.93,,,22.00,45770.0,5.8,11.15,12.48,18.68,28.86,37.45,"23,190","25,960",38850.0,"60,030","77,890",,,353031,1.4267379679144387,5.385026737967915,Very Low,35,0.0,4240.0,0.22641509433962265,0.0,0.0,0,0.05385026737967915,4.038770053475936,Very Low,43939200.0,False,False,0.0,0.048668048114538225,353,353
78,Virgin Islands,3,VI,0,Cross-industry,cross-industry,1235,35-3041,"Food Servers, Nonrestaurant",detailed,50.0,16.8,1.469,0.83,,,16.04,33350.0,6.6,12.37,13.68,14.59,17.33,22.04,"25,720","28,450",30340.0,"36,040","45,850",,,353041,12.251470588235296,40.628676470588246,Moderate,35,0.0,4240.0,0.01179245283018868,0.0,0.0,0,0.4062867647058825,30.471507352941185,Low,1667500.0,False,False,0.0,0.013934854445640788,353,353
78,Virgin Islands,3,VI,0,Cross-industry,cross-industry,1235,35-9011,Dining Room and Cafeteria Attendants and Bartender Helpers,detailed,90.0,18.3,2.543,0.80,,,15.64,32520.0,4.8,11.26,12.66,15.64,17.08,21.77,"23,420","26,330",32520.0,"35,520","45,280",,,359011,7.7823529411764705,29.455882352941178,Low,35,0.0,4240.0,0.02122641509433962,0.0,0.0,0,0.29455882352941176,22.09191176470588,Low,2926800.0,False,False,0.0,0.01773246054463907,359,359
78,Virgin Islands,3,VI,0,Cross-industry,cross-industry,1235,35-9021,Dishwashers,detailed,260.0,9.9,7.809,2.56,,,13.12,27280.0,2.9,10.85,11.37,13.01,13.66,16.77,"22,560","23,650",27070.0,"28,410","34,880",,,359021,15.094117647058823,57.735294117647065,Moderate,35,0.0,4240.0,0.06132075471698113,0.0,0.0,0,0.5773529411764706,43.3014705882353,Moderate,7092800.0,True,False,100.0,0.08422926592905655,359,359
78,Virgin Islands,3,VI,0,Cross-industry,cross-industry,1235,35-9031,"Hosts and Hostesses, Restaurant, Lounge, and Coffee Shop",detailed,130.0,17.2,3.997,1.43,,,15.93,33120.0,7.2,11.78,13.22,14.68,16.28,27.92,"24,490","27,500",30530.0,"33,870","58,080",,,359031,9.60855614973262,31.294117647058822,Low,35,0.0,4240.0,0.030660377358490566,0.0,0.0,0,0.3129411764705882,23.470588235294116,Low,4305600.0,False,False,0.0,0.02771407006503428,359,359
78,Virgin Islands,3,VI,0,Cross-industry,cross-industry,1235,35-9099,"Food Preparation and Serving Related Workers, All Other",detailed,110.0,41.8,3.204,5.64,,,17.59,36580.0,12.7,11.78,13.41,19.97,19.97,19.97,"24,490","27,900",41530.0,"41,530","41,530",,,359099,,35.95915032679739,Low,35,0.0,4240.0,0.025943396226415096,0.0,0.0,0,0.3595915032679739,26.969362745098042,Low,4023800.0,False,False,0.0,0.029761151239910594,359,359
78,Virgin Islands,3,VI,0,Cross-industry,cross-industry,1235,37-1011,First-Line Supervisors of Housekeeping and Janitorial Workers,detailed,80.0,8.0,2.317,2.06,,,20.22,42050.0,2.3,15.54,16.24,19.71,22.27,27.43,"32,330","33,770",41010.0,"46,330","57,060",,,371011,10.8,37.58823529411765,Low,37,0.0,1560.0,0.05128205128205128,0.0,0.0,0,0.3758823529411765,28.191176470588236,Low,3364000.0,False,False,0.0,0.026008292642977562,371,371
78,Virgin Islands,3,VI,0,Cross-industry,cross-industry,1235,37-2011,"Janitors and Cleaners, Except Maids and Housekeeping Cleaners",detailed,770.0,4.3,22.890,1.60,,,14.53,30230.0,1.7,11.97,12.66,13.55,15.78,17.67,"24,900","26,320",28190.0,"32,820","36,750",,,372011,10.32941176470588,37.25210084033613,Low,37,0.0,1560.0,0.4935897435897436,0.0,0.0,0,0.3725210084033613,27.9390756302521,Low,23277100.0,False,False,0.0,0.17835429062270225,372,372
78,Virgin Islands,3,VI,0,Cross-industry,cross-industry,1235,37-2012,Maids and Housekeeping Cleaners,detailed,460.0,7.8,13.607,2.47,,,14.91,31020.0,1.7,12.53,13.25,14.44,16.89,17.00,"26,060","27,550",30020.0,"35,140","35,350",,,372012,5.9790849673202615,21.61437908496732,Low,37,0.0,1560.0,0.2948717948717949,0.0,0.0,0,0.21614379084967322,16.21078431372549,Very Low,14269200.0,False,False,0.0,0.0634375363589534,372,372
78,Virgin Islands,3,VI,0,Cross-industry,cross-industry,1235,37-2021,Pest Control Workers,detailed,40.0,11.1,1.038,1.68,,,18.30,38070.0,1.7,14.77,14.81,15.54,18.48,27.18,"30,720","30,810",32310.0,"38,450","56,540",,,372021,8.481372549019609,29.536764705882355,Low,37,0.0,1560.0,0.02564102564102564,0.0,0.0,0,0.29536764705882357,22.152573529411768,Low,1522800.0,False,False,0.0,0.009251447971126278,372,372
78,Virgin Islands,3,VI,0,Cross-industry,cross-industry,1235,37-3011,Landscaping and Groundskeeping Workers,detailed,210.0,8.5,6.302,1.03,,,16.99,35330.0,1.0,13.00,14.14,16.79,19.03,20.76,"27,040","29,420",34910.0,"39,580","43,180",,,373011,13.615686274509804,50.70588235294118,Moderate,37,0.0,1560.0,0.1346153846153846,0.0,0.0,0,0.5070588235294118,38.029411764705884,Low,7419300.0,True,False,100.0,0.07737937113411518,373,373
78,Virgin Islands,3,VI,0,Cross-industry,cross-industry,1235,39-2021,Animal Caretakers,detailed,60.0,10.4,1.644,0.93,,,14.98,31150.0,4.9,10.72,12.96,13.90,17.15,21.25,"22,290","26,950",28900.0,"35,670","44,210",,,392021,10.505882352941178,33.32352941176471,Low,39,0.0,340.0,0.17647058823529413,0.0,0.0,0,0.3332352941176471,24.99264705882353,Low,1869000.0,False,False,0.0,0.012810444918495966,392,392
78,Virgin Islands,3,VI,0,Cross-industry,cross-industry,1235,39-3031,"Ushers, Lobby Attendants, and Ticket Takers",detailed,50.0,19.3,1.362,1.76,,,14.64,30460.0,3.2,10.91,10.97,15.29,16.37,19.36,"22,690","22,820",31800.0,"34,060","40,270",,,393031,11.001470588235296,40.00367647058824,Moderate,39,0.0,340.0,0.14705882352941177,0.0,0.0,0,0.4000367647058824,30.002757352941178,Low,1523000.0,False,False,0.0,0.012531519344625333,393,393
78,Virgin Islands,3,VI,0,Cross-industry,cross-industry,1235,39-6011,Baggage Porters and Bellhops,detailed,80.0,15.3,2.276,12.01,,,13.15,27360.0,2.1,11.23,11.24,12.37,13.00,14.33,"23,350","23,370",25740.0,"27,040","29,810",,,396011,13.23529411764706,49.08823529411765,Moderate,39,0.0,340.0,0.23529411764705882,0.0,0.0,0,0.49088235294117655,36.81617647058824,Low,2188800.0,False,False,0.0,0.022099752956780804,396,396
78,Virgin Islands,3,VI,0,Cross-industry,cross-industry,1235,39-7010,Tour and Travel Guides,detailed,110.0,26.2,3.350,10.88,,,16.65,34620.0,2.8,11.20,16.47,16.72,17.46,19.26,"23,300","34,260",34780.0,"36,320","40,060",,,397010,,35.95915032679739,Low,39,0.0,340.0,0.3235294117647059,0.0,0.0,0,0.3595915032679739,26.969362745098042,Low,3808200.0,False,False,0.0,0.02816651328391757,397,397
78,Virgin Islands,3,VI,0,Cross-industry,cross-industry,1235,39-9032,Recreation Workers,detailed,40.0,14.8,1.193,0.64,,,14.92,31040.0,0.8,12.44,13.39,14.79,14.91,20.01,"25,880","27,850",30750.0,"31,020","41,620",,,399032,9.180392156862744,29.617647058823525,Low,39,0.0,340.0,0.11764705882352941,0.0,0.0,0,0.29617647058823526,22.213235294117645,Low,1241600.0,False,False,0.0,0.007563732770841493,399,399
78,Virgin Islands,3,VI,0,Cross-industry,cross-industry,1235,41-1011,First-Line Supervisors of Retail Sales Workers,detailed,360.0,8.3,10.622,1.48,,,21.61,44950.0,3.9,13.26,14.85,20.80,26.03,31.72,"27,580","30,890",43270.0,"54,140","65,970",,,411011,11.20351841671248,33.61627267729522,Low,41,0.0,3210.0,0.11214953271028037,0.0,0.0,0,0.3361627267729522,25.212204507971414,Low,16182000.0,False,False,0.0,0.11188855726742535,411,411
78,Virgin Islands,3,VI,0,Cross-industry,cross-industry,1235,41-1012,First-Line Supervisors of Non-Retail Sales Workers,detailed,40.0,16.5,1.044,0.70,,,26.24,54570.0,7.1,19.32,21.92,23.17,24.63,44.53,"40,180","45,600",48190.0,"51,240","92,620",,,411012,9.295740365111564,30.825557809330633,Low,41,0.0,3210.0,0.012461059190031152,0.0,0.0,0,0.30825557809330634,23.119168356997978,Low,2182800.0,False,False,0.0,0.013839767954617527,411,411
78,Virgin Islands,3,VI,0,Cross-industry,cross-industry,1235,41-2011,Cashiers,detailed,880.0,5.8,26.056,1.20,,,12.72,26470.0,1.2,10.88,11.18,12.69,13.10,15.00,"22,640","23,250",26390.0,"27,250","31,200",,,412011,7.790374331550802,24.93048128342246,Low,41,0.0,3210.0,0.27414330218068533,0.0,0.0,0,0.2493048128342246,18.697860962566846,Very Low,23293600.0,False,False,0.0,0.11944588576392326,412,412
78,Virgin Islands,3,VI,0,Cross-industry,cross-industry,1235,41-2021,Counter and Rental Clerks,detailed,140.0,10.5,4.008,1.56,,,14.65,30470.0,2.9,11.17,12.96,13.74,15.30,16.57,"23,230","26,950",28590.0,"31,830","34,460",,,412021,11.470588235294116,40.67647058823529,Moderate,41,0.0,3210.0,0.04361370716510903,0.0,0.0,0,0.4067647058823529,30.507352941176467,Low,4265800.0,False,False,0.0,0.035690092391342396,412,412
78,Virgin Islands,3,VI,0,Cross-industry,cross-industry,1235,41-2031,Retail Salespersons,detailed,1380.0,5.9,40.915,1.69,,,15.65,32540.0,1.8,11.25,12.88,14.39,16.58,21.03,"23,390","26,780",29930.0,"34,480","43,740",,,412031,9.667014147431123,29.990320178704387,Low,41,0.0,3210.0,0.42990654205607476,0.0,0.0,0,0.2999032017870439,22.492740134028292,Low,44905200.0,False,False,0.0,0.27700120390058497,412,412
78,Virgin Islands,3,VI,0,Cross-industry,cross-industry,1235,41-3021,Insurance Sales Agents,detailed,50.0,37.8,1.481,0.49,,,34.03,70780.0,9.1,15.63,15.63,25.00,42.78,72.20,"32,510","32,510",52000.0,"88,980","150,170",,,413021,11.95891132572432,32.88235294117647,Low,41,0.0,3210.0,0.01557632398753894,0.0,0.0,0,0.32882352941176474,24.661764705882355,Low,3539000.0,False,False,0.0,0.023935768090327277,413,413
78,Virgin Islands,3,VI,0,Cross-industry,cross-industry,1235,41-3031,"Securities, Commodities, and Financial Services Sales Agents",detailed,60.0,15.3,1.843,0.58,,,29.75,61880.0,8.8,15.63,16.14,17.00,23.53,62.88,"32,520","33,560",35360.0,"48,950","130,780",,,413031,10.35310233682514,31.36220789685737,Low,41,0.0,3210.0,0.018691588785046728,0.0,0.0,0,0.3136220789685737,23.521655922643024,Low,3712800.0,False,False,0.0,0.02395036321670276,413,413
78,Virgin Islands,3,VI,0,Cross-industry,cross-industry,1235,41-3091,"Sales Representatives of Services, Except Advertising, Insurance, Financial Services, and Travel",detailed,80.0,23.4,2.472,0.33,,,35.62,74090.0,15.0,11.98,13.23,21.32,37.75,61.41,"24,920","27,510",44340.0,"78,510","127,740",,,413091,14.944537815126052,53.07563025210085,Moderate,41,0.0,3210.0,0.024922118380062305,0.0,0.0,0,0.5307563025210085,39.806722689075634,Low,5927200.0,True,False,100.0,0.06470661199335212,413,413
78,Virgin Islands,3,VI,0,Cross-industry,cross-industry,1235,41-4012,"Sales Representatives, Wholesale and Manufacturing, Except Technical and Scientific Products",detailed,180.0,15.9,5.367,0.63,,,22.60,47010.0,11.7,11.19,12.61,22.15,28.48,33.89,"23,270","26,230",46080.0,"59,240","70,490",,,414012,13.940258656654152,41.09178139340843,Moderate,41,0.0,3210.0,0.056074766355140186,0.0,0.0,0,0.41091781393408433,30.818836045056326,Low,8461800.0,False,False,0.0,0.07151903477483124,414,414
78,Virgin Islands,3,VI,0,Cross-industry,cross-industry,1235,41-9099,"Sales and Related Workers, All Other",detailed,40.0,30.6,1.273,1.69,,,18.56,38610.0,14.1,13.23,14.33,14.33,22.04,32.47,"27,510","29,810",29810.0,"45,850","67,530",,,419099,,35.95915032679739,Low,41,0.0,3210.0,0.012461059190031152,0.0,0.0,0,0.3595915032679739,26.969362745098042,Low,1544400.0,False,False,0.0,0.011422814745990833,419,419
78,Virgin Islands,3,VI,0,Cross-industry,cross-industry,1235,43-1011,First-Line Supervisors of Office and Administrative Support Workers,detailed,500.0,10.7,14.835,1.50,,,25.62,53280.0,2.1,18.17,20.26,24.85,28.84,33.65,"37,790","42,140",51680.0,"59,990","69,990",,,431011,11.6039656311963,35.07732980832783,Low,43,0.0,4130.0,0.12106537530266344,0.0,0.0,0,0.35077329808327834,26.307997356245878,Low,26640000.0,False,False,0.0,0.19220499324359863,431,431
78,Virgin Islands,3,VI,0,Cross-industry,cross-industry,1235,43-2011,"Switchboard Operators, Including Answering Service",detailed,50.0,4.4,1.368,4.74,,,17.72,36850.0,0.3,14.42,17.12,17.64,18.70,22.31,"29,990","35,610",36690.0,"38,900","46,400",,,432011,14.154010695187166,49.930481283422466,Moderate,43,0.0,4130.0,0.012106537530266344,0.0,0.0,0,0.4993048128342247,37.44786096256685,Low,1842500.0,False,False,0.0,0.01892244136026172,432,432
78,Virgin Islands,3,VI,0,Cross-industry,cross-industry,1235,43-3011,Bill and Account Collectors,detailed,50.0,12.4,1.522,1.21,,,20.91,43490.0,2.9,14.20,18.72,19.30,23.86,29.51,"29,530","38,940",40140.0,"49,620","61,370",,,433011,6.674692202462381,20.87277701778386,Low,43,0.0,4130.0,0.012106537530266344,0.0,0.0,0,0.2087277701778386,15.654582763337896,Very Low,2174500.0,False,False,0.0,0.009335628579436006,433,433
78,Virgin Islands,3,VI,0,Cross-industry,cross-industry,1235,43-3021,Billing and Posting Clerks,detailed,70.0,17.0,1.997,0.70,,,*,46435.0,*,*,*,*,*,*,*,*,,*,*,,,433021,9.386640079760715,27.873379860418734,Low,43,0.0,4130.0,0.01694915254237288,0.0,0.0,0,0.27873379860418734,20.90503489531405,Low,3250450.0,False,False,0.0,0.018635328060864004,433,433
78,Virgin Islands,3,VI,0,Cross-industry,cross-industry,1235,43-3031,"Bookkeeping, Accounting, and Auditing Clerks",detailed,300.0,12.1,9.032,0.91,,,23.66,49220.0,1.5,14.91,18.76,22.88,27.45,32.33,"31,010","39,010",47600.0,"57,090","67,240",,,433031,11.066018473505103,30.9708313077297,Low,43,0.0,4130.0,0.07263922518159806,0.0,0.0,0,0.309708313077297,23.228123480797276,Low,14766000.0,False,False,0.0,0.09406317764907832,433,433
78,Virgin Islands,3,VI,0,Cross-industry,cross-industry,1235,43-3071,Tellers,detailed,130.0,9.9,3.854,1.72,,,14.89,30970.0,1.4,12.90,14.03,14.57,16.03,16.91,"26,830","29,180",30310.0,"33,350","35,170",,,433071,10.36780185758514,33.287925696594435,Low,43,0.0,4130.0,0.031476997578692496,0.0,0.0,0,0.33287925696594434,24.965944272445824,Low,4026100.0,False,False,0.0,0.02756609257422175,433,433
78,Virgin Islands,3,VI,0,Cross-industry,cross-industry,1235,43-4051,Customer Service Representatives,detailed,290.0,12.8,8.661,0.46,,,19.11,39750.0,6.4,12.63,14.30,16.70,24.32,28.48,"26,260","29,740",34740.0,"50,590","59,230",,,434051,10.937116085372203,32.121551275377406,Low,43,0.0,4130.0,0.07021791767554479,0.0,0.0,0,0.3212155127537741,24.091163456533053,Low,11527500.0,False,False,0.0,0.07616151265283498,434,434
78,Virgin Islands,3,VI,0,Cross-industry,cross-industry,1235,43-4081,"Hotel, Motel, and Resort Desk Clerks",detailed,240.0,7.1,6.975,4.02,,,15.74,32740.0,2.2,12.80,13.89,15.00,17.46,19.94,"26,630","28,900",31210.0,"36,310","41,460",,,434081,9.190441176470587,31.72610294117647,Low,43,0.0,4130.0,0.05811138014527845,0.0,0.0,0,0.3172610294117647,23.79457720588235,Low,7857600.0,False,False,0.0,0.0512755780552069,434,434
78,Virgin Islands,3,VI,0,Cross-industry,cross-industry,1235,43-4161,"Human Resources Assistants, Except Payroll and Timekeeping",detailed,40.0,27.4,1.059,1.59,,,22.14,46050.0,6.5,17.50,17.50,22.31,25.13,30.65,"36,400","36,400",46400.0,"52,270","63,760",,,434161,8.148923959827833,25.73816355810617,Low,43,0.0,4130.0,0.009685230024213076,0.0,0.0,0,0.2573816355810617,19.303622668579628,Very Low,1842000.0,False,False,0.0,0.009751492733474478,434,434
78,Virgin Islands,3,VI,0,Cross-industry,cross-industry,1235,43-4171,Receptionists and Information Clerks,detailed,150.0,6.9,4.465,0.68,,,15.58,32400.0,1.5,11.70,13.46,15.00,17.26,18.97,"24,340","28,000",31200.0,"35,900","39,460",,,434171,8.392826398852224,25.372309899569583,Low,43,0.0,4130.0,0.03631961259079903,0.0,0.0,0,0.25372309899569584,19.02923242467719,Very Low,4860000.0,False,False,0.0,0.025362975126141916,434,434
78,Virgin Islands,3,VI,0,Cross-industry,cross-industry,1235,43-4181,Reservation and Transportation Ticket Agents and Travel Clerks,detailed,160.0,12.5,4.718,6.01,,,13.87,28850.0,7.2,11.70,11.84,13.00,13.83,15.61,"24,340","24,620",27030.0,"28,760","32,480",,,434181,10.441176470588236,32.10294117647059,Low,43,0.0,4130.0,0.0387409200968523,0.0,0.0,0,0.3210294117647059,24.077205882352942,Low,4616000.0,False,False,0.0,0.030479970504653665,434,434
78,Virgin Islands,3,VI,0,Cross-industry,cross-industry,1235,43-5011,Cargo and Freight Agents,detailed,80.0,22.5,2.469,3.56,,,15.37,31970.0,14.4,11.70,11.70,13.29,16.07,21.75,"24,340","24,340",27640.0,"33,420","45,250",,,435011,8.788854489164086,28.287925696594428,Low,43,0.0,4130.0,0.01937046004842615,0.0,0.0,0,0.2828792569659443,21.21594427244582,Low,2557600.0,False,False,0.0,0.014881189430901113,435,435
78,Virgin Islands,3,VI,0,Cross-industry,cross-industry,1235,43-5021,Couriers and Messengers,detailed,60.0,27.6,1.893,3.99,,,15.28,31780.0,6.6,10.50,10.50,15.00,18.34,19.51,"21,840","21,840",31200.0,"38,150","40,570",,,435021,12.235294117647062,46.58823529411766,Moderate,43,0.0,4130.0,0.014527845036319613,0.0,0.0,0,0.4658823529411766,34.94117647058824,Low,1906800.0,False,False,0.0,0.018271967862803367,435,435
78,Virgin Islands,3,VI,0,Cross-industry,cross-industry,1235,43-5032,"Dispatchers, Except Police, Fire, and Ambulance",detailed,40.0,11.9,1.157,0.85,,,20.24,42100.0,1.6,17.10,17.10,18.56,26.81,26.85,"35,560","35,570",38610.0,"55,770","55,850",,,435032,8.504201680672269,26.97478991596639,Low,43,0.0,4130.0,0.009685230024213076,0.0,0.0,0,0.2697478991596639,20.231092436974794,Low,1684000.0,False,False,0.0,0.009343381403667432,435,435
78,Virgin Islands,3,VI,0,Cross-industry,cross-industry,1235,43-5051,Postal Service Clerks,detailed,80.0,0.0,2.344,4.56,,,29.81,62000.0,0.0,20.05,25.69,34.54,34.54,35.17,"41,700","53,440",71840.0,"71,840","73,150",,,435051,4.751470588235295,14.378676470588236,Very Low,43,0.0,4130.0,0.01937046004842615,0.0,0.0,0,0.14378676470588236,10.784007352941178,Very Low,4960000.0,False,False,0.0,0.014669135076206145,435,435
78,Virgin Islands,3,VI,0,Cross-industry,cross-industry,1235,43-5052,Postal Service Mail Carriers,detailed,40.0,0.0,1.098,0.50,,,27.85,57930.0,0.0,19.33,19.83,24.11,36.20,36.20,"40,210","41,250",50150.0,"75,300","75,300",,,435052,9.60855614973262,29.475935828877002,Low,43,0.0,4130.0,0.009685230024213076,0.0,0.0,0,0.29475935828877003,22.106951871657753,Low,2317200.0,False,False,0.0,0.014048664510415382,435,435
78,Virgin Islands,3,VI,0,Cross-industry,cross-industry,1235,43-5071,"Shipping, Receiving, and Inventory Clerks",detailed,50.0,33.3,1.573,0.28,,,16.78,34900.0,3.0,11.87,13.35,15.18,18.87,22.62,"24,680","27,770",31570.0,"39,240","47,050",,,435071,6.999759903961585,19.948379351740698,Very Low,43,0.0,4130.0,0.012106537530266344,0.0,0.0,0,0.19948379351740697,14.961284513805523,Very Low,1745000.0,False,False,0.0,0.0071599002028932286,435,435
78,Virgin Islands,3,VI,0,Cross-industry,cross-industry,1235,43-6011,Executive Secretaries and Executive Administrative Assistants,detailed,210.0,8.7,6.225,1.95,,,25.95,53980.0,4.2,15.00,19.58,25.48,31.12,34.61,"31,200","40,720",53000.0,"64,730","71,990",,,436011,12.278063725490195,36.32015931372549,Low,43,0.0,4130.0,0.05084745762711865,0.0,0.0,0,0.3632015931372549,27.240119485294116,Low,11335800.0,False,False,0.0,0.08468448271510907,436,436
78,Virgin Islands,3,VI,0,Cross-industry,cross-industry,1235,43-6012,Legal Secretaries and Administrative Assistants,detailed,50.0,23.4,1.552,1.54,,,23.71,49310.0,3.5,19.70,19.70,23.78,24.95,30.54,"40,980","40,980",49470.0,"51,900","63,530",,,436012,8.062828535669587,23.986858573216523,Low,43,0.0,4130.0,0.012106537530266344,0.0,0.0,0,0.23986858573216524,17.990143929912396,Very Low,2465500.0,False,False,0.0,0.012164164949135383,436,436
78,Virgin Islands,3,VI,0,Cross-industry,cross-industry,1235,43-6013,Medical Secretaries and Administrative Assistants,detailed,130.0,11.9,3.724,0.75,,,17.34,36070.0,3.5,12.94,14.16,17.12,18.80,21.57,"26,910","29,450",35600.0,"39,100","44,870",,,436013,7.831674208144795,24.57918552036199,Low,43,0.0,4130.0,0.031476997578692496,0.0,0.0,0,0.2457918552036199,18.43438914027149,Very Low,4689100.0,False,False,0.0,0.023706143089743902,436,436
78,Virgin Islands,3,VI,0,Cross-industry,cross-industry,1235,43-6014,"Secretaries and Administrative Assistants, Except Legal, Medical, and Executive",detailed,660.0,6.2,19.677,1.67,,,20.08,41760.0,0.9,14.90,16.72,19.77,23.45,25.56,"30,980","34,790",41120.0,"48,780","53,160",,,436014,15.529946524064172,46.24910873440285,Moderate,43,0.0,4130.0,0.15980629539951574,0.0,0.0,0,0.46249108734402855,34.68683155080215,Low,27561600.0,False,False,0.0,0.26218733709238856,436,436
78,Virgin Islands,3,VI,0,Cross-industry,cross-industry,1235,43-9021,Data Entry Keyers,detailed,70.0,10.0,2.009,1.98,,,16.13,33550.0,0.8,12.29,13.92,15.89,18.31,19.17,"25,570","28,950",33050.0,"38,080","39,870",,,439021,10.838914027149322,34.789592760181,Low,43,0.0,4130.0,0.01694915254237288,0.0,0.0,0,0.34789592760181004,26.092194570135753,Low,2348500.0,False,False,0.0,0.016805205548070225,439,439
78,Virgin Islands,3,VI,0,Cross-industry,cross-industry,1235,43-9041,Insurance Claims and Policy Processing Clerks,detailed,40.0,11.9,1.273,0.80,,,20.90,43460.0,4.9,14.33,16.69,18.33,22.28,27.67,"29,810","34,720",38130.0,"46,340","57,550",,,439041,9.468154158215013,28.497971602434085,Low,43,0.0,4130.0,0.009685230024213076,0.0,0.0,0,0.28497971602434086,21.373478701825565,Low,1738400.0,False,False,0.0,0.010189845094489499,439,439
78,Virgin Islands,3,VI,0,Cross-industry,cross-industry,1235,43-9061,"Office Clerks, General",detailed,540.0,6.9,16.096,0.98,,,17.89,37220.0,2.5,12.08,13.70,16.46,20.34,25.00,"25,120","28,490",34240.0,"42,310","52,000",,,439061,11.490196078431373,35.3921568627451,Low,43,0.0,4130.0,0.13075060532687652,0.0,0.0,0,0.35392156862745094,26.54411764705882,Low,20098800.0,False,False,0.0,0.1463123810662845,439,439
78,Virgin Islands,3,VI,0,Cross-industry,cross-industry,1235,43-9199,"Office and Administrative Support Workers, All Other",detailed,100.0,19.0,3.053,2.70,,,26.04,54160.0,2.3,17.93,21.08,28.22,28.54,32.12,"37,290","43,840",58700.0,"59,370","66,810",,,439199,,35.95915032679739,Low,43,0.0,4130.0,0.024213075060532687,0.0,0.0,0,0.3595915032679739,26.969362745098042,Low,5416000.0,False,False,0.0,0.04005825217837759,439,439
78,Virgin Islands,3,VI,0,Cross-industry,cross-industry,1235,45-2092,"Farmworkers and Laborers, Crop, Nursery, and Greenhouse",detailed,30.0,19.4,1.035,0.61,,,16.15,33600.0,3.7,13.50,13.50,16.17,17.75,18.39,"28,080","28,080",33640.0,"36,910","38,250",,,452092,10.970588235294118,37.4264705882353,Low,45,0.0,30.0,1.0,0.0,0.0,0,0.37426470588235294,28.06985294117647,Low,1008000.0,False,False,0.0,0.007759671307374609,452,452
78,Virgin Islands,3,VI,0,Cross-industry,cross-industry,1235,47-1011,First-Line Supervisors of Construction Trades and Extraction Workers,detailed,170.0,6.6,5.151,1.01,,,34.40,71550.0,2.1,21.15,27.85,32.46,39.02,49.89,"43,990","57,930",67520.0,"81,170","103,780",,,471011,10.504411764705884,34.59436274509804,Low,47,0.0,1240.0,0.13709677419354838,0.0,0.0,0,0.3459436274509804,25.94577205882353,Low,12163500.0,False,False,0.0,0.08655014777032431,471,471
78,Virgin Islands,3,VI,0,Cross-industry,cross-industry,1235,47-2021,Brickmasons and Blockmasons,detailed,40.0,17.4,1.157,3.09,,,24.03,49990.0,2.6,17.65,22.00,23.14,26.94,27.65,"36,710","45,760",48130.0,"56,040","57,510",,,472021,9.470588235294118,31.676470588235293,Low,47,0.0,1240.0,0.03225806451612903,0.0,0.0,0,0.31676470588235295,23.75735294117647,Low,1999600.0,False,False,0.0,0.013028182500456616,472,472
78,Virgin Islands,3,VI,0,Cross-industry,cross-industry,1235,47-2031,Carpenters,detailed,250.0,7.9,7.441,1.61,,,25.58,53210.0,2.9,18.50,21.46,23.35,28.38,31.59,"38,480","44,650",48570.0,"59,020","65,700",,,472031,6.68235294117647,22.588235294117645,Low,47,0.0,1240.0,0.20161290322580644,0.0,0.0,0,0.22588235294117645,16.941176470588236,Very Low,13302500.0,False,False,0.0,0.061804413548942345,472,472
78,Virgin Islands,3,VI,0,Cross-industry,cross-industry,1235,47-2061,Construction Laborers,detailed,300.0,11.7,9.040,1.35,,,20.81,43270.0,2.9,15.15,18.00,20.82,23.21,27.00,"31,510","37,440",43310.0,"48,270","56,160",,,472061,16.757983193277312,61.89495798319329,High,47,0.0,1240.0,0.24193548387096775,0.0,0.0,0,0.6189495798319329,46.42121848739497,Moderate,12981000.0,True,False,100.0,0.16525984520508513,472,472
78,Virgin Islands,3,VI,0,Cross-industry,cross-industry,1235,47-2073,Operating Engineers and Other Construction Equipment Operators,detailed,150.0,9.7,4.421,1.49,,,24.83,51650.0,2.7,17.47,18.76,21.82,28.33,35.00,"36,340","39,010",45390.0,"58,920","72,800",,,472073,11.115686274509804,41.122549019607845,Moderate,47,0.0,1240.0,0.12096774193548387,0.0,0.0,0,0.41122549019607846,30.841911764705888,Low,7747500.0,False,False,0.0,0.06553080924634873,472,472
78,Virgin Islands,3,VI,0,Cross-industry,cross-industry,1235,47-2111,Electricians,detailed,150.0,9.5,4.376,0.93,,,25.80,53670.0,3.6,17.72,20.78,23.33,28.83,36.07,"36,850","43,230",48530.0,"59,970","75,020",,,472111,13.068092691622104,37.518716577540104,Low,47,0.0,1240.0,0.12096774193548387,0.0,0.0,0,0.37518716577540107,28.139037433155078,Low,8050500.0,False,False,0.0,0.06212619384440749,472,472
78,Virgin Islands,3,VI,0,Cross-industry,cross-industry,1235,47-2141,"Painters, Construction and Maintenance",detailed,40.0,16.2,1.261,0.89,,,20.63,42920.0,3.3,14.50,16.47,19.91,23.21,29.97,"30,160","34,260",41410.0,"48,270","62,340",,,472141,9.230252100840335,28.789915966386552,Low,47,0.0,1240.0,0.03225806451612903,0.0,0.0,0,0.28789915966386553,21.592436974789912,Low,1716800.0,False,False,0.0,0.01016632574607529,472,472
78,Virgin Islands,3,VI,0,Cross-industry,cross-industry,1235,47-2152,"Plumbers, Pipefitters, and Steamfitters",detailed,,**,**,**,,,26.03,54140.0,7.4,14.96,20.29,24.76,30.50,35.07,"31,110","42,200",51490.0,"63,440","72,950",,,472152,11.895424836601308,31.960784313725487,Low,47,0.0,1240.0,,0.0,0.0,0,0.3196078431372549,23.970588235294116,Low,,False,False,0.0,,472,472
78,Virgin Islands,3,VI,0,Cross-industry,cross-industry,1235,47-2171,Reinforcing Iron and Rebar Workers,detailed,60.0,17.8,1.813,15.82,,,19.89,41380.0,3.5,16.37,18.32,20.74,20.74,20.90,"34,050","38,110",43130.0,"43,140","43,460",,,472171,6.1156862745098035,15.28921568627451,Very Low,47,0.0,1240.0,0.04838709677419355,0.0,0.0,0,0.1528921568627451,11.466911764705882,Very Low,2482800.0,False,False,0.0,0.0078078392486254115,472,472
78,Virgin Islands,3,VI,0,Cross-industry,cross-industry,1235,47-2181,Roofers,detailed,40.0,32.4,1.279,1.44,,,18.40,38260.0,8.2,11.36,16.23,18.57,19.33,23.44,"23,630","33,760",38620.0,"40,200","48,760",,,472181,13.691048593350382,37.705882352941174,Low,47,0.0,1240.0,0.03225806451612903,0.0,0.0,0,0.3770588235294117,28.27941176470588,Low,1530400.0,False,False,0.0,0.011869105343506893,472,472
78,Virgin Islands,3,VI,0,Cross-industry,cross-industry,1235,47-2231,Solar Photovoltaic Installers,detailed,,**,**,**,,,32.55,67710.0,22.3,19.39,31.90,31.91,36.99,36.99,"40,320","66,360",66360.0,"76,930","76,940",,,472231,11.470588235294116,40.67647058823529,Moderate,47,0.0,1240.0,,0.0,0.0,0,0.4067647058823529,30.507352941176467,Low,,False,False,0.0,,472,472
78,Virgin Islands,3,VI,0,Cross-industry,cross-industry,1235,47-3013,Helpers--Electricians,detailed,40.0,24.4,1.211,2.68,,,19.47,40490.0,1.3,17.06,18.00,18.38,20.75,21.56,"35,490","37,440",38230.0,"43,160","44,840",,,473013,12.23529411764706,38.58823529411765,Low,47,0.0,1240.0,0.03225806451612903,0.0,0.0,0,0.3858823529411765,28.941176470588236,Low,1619600.0,False,False,0.0,0.01285483792375665,473,473
78,Virgin Islands,3,VI,0,Cross-industry,cross-industry,1235,49-1011,"First-Line Supervisors of Mechanics, Installers, and Repairers",detailed,230.0,7.9,6.747,1.74,,,33.62,69940.0,3.3,20.73,24.17,29.50,40.53,55.94,"43,120","50,270",61360.0,"84,290","116,360",,,491011,10.757352941176473,33.89338235294118,Low,49,0.0,1260.0,0.18253968253968253,0.0,0.0,0,0.3389338235294118,25.420036764705888,Low,16086200.0,False,False,0.0,0.11214303207408045,491,491
78,Virgin Islands,3,VI,0,Cross-industry,cross-industry,1235,49-2022,"Telecommunications Equipment Installers and Repairers, Except Line Installers",detailed,40.0,19.9,1.276,1.21,,,22.12,46000.0,7.8,14.95,19.05,21.72,27.42,27.76,"31,090","39,630",45170.0,"57,030","57,740",,,492022,10.505882352941178,33.32352941176471,Low,49,0.0,1260.0,0.031746031746031744,0.0,0.0,0,0.3332352941176471,24.99264705882353,Low,1840000.0,False,False,0.0,0.012611673970054884,492,492
78,Virgin Islands,3,VI,0,Cross-industry,cross-industry,1235,49-3023,Automotive Service Technicians and Mechanics,detailed,130.0,14.9,3.913,0.88,,,20.75,43150.0,3.8,11.02,15.48,20.23,24.65,29.33,"22,930","32,200",42070.0,"51,260","61,000",,,493023,9.005882352941176,26.264705882352946,Low,49,0.0,1260.0,0.10317460317460317,0.0,0.0,0,0.26264705882352946,19.69852941176471,Very Low,5609500.0,False,False,0.0,0.030304045783402768,493,493
78,Virgin Islands,3,VI,0,Cross-industry,cross-industry,1235,49-3042,"Mobile Heavy Equipment Mechanics, Except Engines",detailed,30.0,8.6,1.000,0.86,,,25.07,52150.0,2.2,20.41,20.86,23.47,27.57,29.78,"42,440","43,390",48820.0,"57,350","61,940",,,493042,8.97058823529412,30.4264705882353,Low,49,0.0,1260.0,0.023809523809523808,0.0,0.0,0,0.304264705882353,22.819852941176475,Low,1564500.0,False,False,0.0,0.009791090497334448,493,493
78,Virgin Islands,3,VI,0,Cross-industry,cross-industry,1235,49-3051,Motorboat Mechanics and Service Technicians,detailed,30.0,18.2,0.920,6.01,,,21.45,44610.0,8.1,13.06,13.06,23.24,24.54,30.34,"27,160","27,160",48350.0,"51,050","63,110",,,493051,13.470588235294118,43.6764705882353,Moderate,49,0.0,1260.0,0.023809523809523808,0.0,0.0,0,0.43676470588235294,32.75735294117647,Low,1338300.0,False,False,0.0,0.012022780930808361,493,493
78,Virgin Islands,3,VI,0,Cross-industry,cross-industry,1235,49-9021,"Heating, Air Conditioning, and Refrigeration Mechanics and Installers",detailed,80.0,12.2,2.293,0.88,,,23.71,49320.0,2.5,15.90,19.85,21.78,28.50,32.30,"33,080","41,290",45300.0,"59,280","67,180",,,499021,9.07843137254902,28.02941176470588,Low,49,0.0,1260.0,0.06349206349206349,0.0,0.0,0,0.2802941176470588,21.02205882352941,Low,3945600.0,False,False,0.0,0.02274735774486975,499,499
78,Virgin Islands,3,VI,0,Cross-industry,cross-industry,1235,49-9052,Telecommunications Line Installers and Repairers,detailed,40.0,19.4,1.041,1.60,,,32.77,68160.0,9.9,21.50,27.09,27.29,41.98,41.99,"44,710","56,340",56760.0,"87,320","87,340",,,499052,10.039215686274511,33.098039215686285,Low,49,0.0,1260.0,0.031746031746031744,0.0,0.0,0,0.33098039215686287,24.823529411764717,Low,2726400.0,False,False,0.0,0.018560760145370277,499,499
78,Virgin Islands,3,VI,0,Cross-industry,cross-industry,1235,49-9071,"Maintenance and Repair Workers, General",detailed,680.0,6.9,20.152,2.04,,,19.96,41510.0,3.0,13.21,15.38,18.63,22.40,28.80,"27,470","31,990",38740.0,"46,600","59,910",,,499071,11.833006535947712,37.915849673202615,Low,49,0.0,1260.0,0.5396825396825397,0.0,0.0,0,0.3791584967320262,28.436887254901965,Low,28226800.0,False,False,0.0,0.22013361120094485,499,499
78,Virgin Islands,3,VI,0,Cross-industry,cross-industry,1235,51-1011,First-Line Supervisors of Production and Operating Workers,detailed,70.0,9.5,2.133,0.48,,,29.01,60330.0,5.1,18.25,23.13,26.83,32.20,43.21,"37,950","48,110",55810.0,"66,970","89,880",,,511011,12.770072239422085,36.13570691434468,Low,51,0.0,430.0,0.16279069767441862,0.0,0.0,0,0.3613570691434468,27.101780185758507,Low,4223100.0,False,False,0.0,0.03138859234389459,511,511
78,Virgin Islands,3,VI,0,Cross-industry,cross-industry,1235,51-3021,Butchers and Meat Cutters,detailed,60.0,17.2,1.673,1.86,,,13.45,27980.0,3.6,10.61,11.04,13.31,13.60,17.33,"22,070","22,960",27680.0,"28,280","36,050",,,513021,11.115686274509804,41.122549019607845,Moderate,51,0.0,430.0,0.13953488372093023,0.0,0.0,0,0.41122549019607846,30.841911764705888,Low,1678800.0,False,False,0.0,0.014199822208811903,513,513
78,Virgin Islands,3,VI,0,Cross-industry,cross-industry,1235,51-4121,"Welders, Cutters, Solderers, and Brazers",detailed,50.0,11.4,1.626,0.59,,,27.73,57680.0,4.2,18.78,22.52,23.97,34.81,36.04,"39,070","46,840",49850.0,"72,410","74,970",,,514121,14.073303167420814,42.87556561085973,Moderate,51,0.0,430.0,0.11627906976744186,0.0,0.0,0,0.4287556561085973,32.1566742081448,Low,2884000.0,False,False,0.0,0.025433670322979177,514,514
78,Virgin Islands,3,VI,0,Cross-industry,cross-industry,1235,51-5112,Printing Press Operators,detailed,30.0,19.0,0.914,0.92,,,16.74,34820.0,6.5,11.71,14.17,15.36,18.02,22.67,"24,360","29,470",31950.0,"37,470","47,160",,,515112,11.881947261663289,35.91176470588236,Low,51,0.0,430.0,0.06976744186046512,0.0,0.0,0,0.3591176470588236,26.93382352941177,Low,1044600.0,False,False,0.0,0.007715972793542877,515,515
78,Virgin Islands,3,VI,0,Cross-industry,cross-industry,1235,51-6011,Laundry and Dry-Cleaning Workers,detailed,100.0,7.8,2.925,2.40,,,14.43,30010.0,1.4,11.88,13.26,14.14,16.25,16.71,"24,710","27,580",29410.0,"33,810","34,770",,,516011,8.244919786096258,27.885026737967923,Low,51,0.0,430.0,0.23255813953488372,0.0,0.0,0,0.2788502673796792,20.91377005347594,Low,3001000.0,False,False,0.0,0.01721238215766237,516,516
78,Virgin Islands,3,VI,0,Cross-industry,cross-industry,1235,51-8093,"Petroleum Pump System Operators, Refinery Operators, and Gaugers",detailed,70.0,30.0,2.038,9.28,,,*,46435.0,*,*,*,*,*,*,*,*,,*,*,,,518093,7.472268907563024,27.25210084033613,Low,51,0.0,430.0,0.16279069767441862,0.0,0.0,0,0.2725210084033613,20.439075630252095,Low,3250450.0,False,False,0.0,0.018219959045174153,518,518
78,Virgin Islands,3,VI,0,Cross-industry,cross-industry,1235,51-9071,Jewelers and Precious Stone and Metal Workers,detailed,50.0,49.2,1.389,8.76,,,21.07,43830.0,7.4,13.42,15.03,18.25,24.69,32.20,"27,910","31,250",37950.0,"51,340","66,970",,,519071,11.380995475113124,37.683257918552044,Low,51,0.0,430.0,0.11627906976744186,0.0,0.0,0,0.37683257918552043,28.26244343891403,Low,2191500.0,False,False,0.0,0.016986106279003366,519,519
78,Virgin Islands,3,VI,0,Cross-industry,cross-industry,1235,53-1047,"First-Line Supervisors of Transportation and Material Moving Workers, Except Aircraft Cargo Handling Supervisors",detailed,90.0,14.1,2.709,0.69,,,31.70,65930.0,1.9,17.90,21.09,25.83,34.53,65.98,"37,230","43,860",53730.0,"71,810","137,230",,,531047,,35.95915032679739,Low,53,0.0,2100.0,0.04285714285714286,0.0,0.0,0,0.3595915032679739,26.969362745098042,Low,5933700.0,False,False,0.0,0.04388730630554637,531,531
78,Virgin Islands,3,VI,0,Cross-industry,cross-industry,1235,53-3032,Heavy and Tractor-Trailer Truck Drivers,detailed,220.0,11.5,6.610,0.49,,,21.61,44940.0,4.4,17.07,17.83,19.25,24.27,28.59,"35,500","37,090",40030.0,"50,490","59,470",,,533032,8.941176470588236,28.35294117647059,Low,53,0.0,2100.0,0.10476190476190476,0.0,0.0,0,0.2835294117647059,21.264705882352946,Low,9886800.0,False,False,0.0,0.05765776251567674,533,533
78,Virgin Islands,3,VI,0,Cross-industry,cross-industry,1235,53-3033,Light Truck Drivers,detailed,120.0,15.9,3.590,0.54,,,16.73,34790.0,3.4,13.53,15.08,15.52,17.50,21.78,"28,130","31,360",32280.0,"36,410","45,300",,,533033,5.6117647058823525,18.644796380090494,Very Low,53,0.0,2100.0,0.05714285714285714,0.0,0.0,0,0.18644796380090495,13.983597285067873,Very Low,4174800.0,False,False,0.0,0.016010217756437888,533,533
78,Virgin Islands,3,VI,0,Cross-industry,cross-industry,1235,53-3051,"Bus Drivers, School",detailed,60.0,17.1,1.899,0.78,,,21.05,43780.0,7.6,16.52,17.50,18.34,23.00,30.58,"34,370","36,400",38150.0,"47,840","63,600",,,533051,8.474509803921567,27.852941176470587,Low,53,0.0,2100.0,0.02857142857142857,0.0,0.0,0,0.27852941176470586,20.88970588235294,Low,2626800.0,False,False,0.0,0.015048804103073568,533,533
78,Virgin Islands,3,VI,0,Cross-industry,cross-industry,1235,53-3053,Shuttle Drivers and Chauffeurs,detailed,60.0,3.8,1.831,1.36,,,16.14,33570.0,0.7,13.00,14.34,16.97,17.49,18.48,"27,040","29,820",35300.0,"36,380","38,440",,,533053,6.12483660130719,19.756535947712422,Very Low,53,0.0,2100.0,0.02857142857142857,0.0,0.0,0,0.19756535947712422,14.817401960784316,Very Low,2014200.0,False,False,0.0,0.008184974107726395,533,533
78,Virgin Islands,3,VI,0,Cross-industry,cross-industry,1235,53-5011,Sailors and Marine Oilers,detailed,160.0,15.8,4.614,23.39,,,15.37,31980.0,8.2,11.55,11.55,12.83,14.55,18.17,"24,020","24,020",26680.0,"30,260","37,800",,,535011,12.231372549019609,40.578431372549026,Moderate,53,0.0,2100.0,0.0761904761904762,0.0,0.0,0,0.4057843137254903,30.433823529411775,Low,5116800.0,False,False,0.0,0.04270685750577761,535,535
78,Virgin Islands,3,VI,0,Cross-industry,cross-industry,1235,53-5021,"Captains, Mates, and Pilots of Water Vessels",detailed,120.0,6.7,3.430,15.09,,,*,46435.0,*,*,*,*,*,*,*,*,,*,*,,,535021,9.458169934640525,31.423202614379093,Low,53,0.0,2100.0,0.05714285714285714,0.0,0.0,0,0.3142320261437909,23.567401960784316,Low,5572200.0,False,False,0.0,0.03601480444010117,535,535
78,Virgin Islands,3,VI,0,Cross-industry,cross-industry,1235,53-6031,Automotive and Watercraft Service Attendants,detailed,80.0,44.1,2.344,3.85,,,12.28,25550.0,8.3,10.88,10.89,11.34,12.30,15.42,"22,640","22,660",23590.0,"25,580","32,070",,,536031,9.126470588235296,30.31617647058824,Low,53,0.0,2100.0,0.0380952380952381,0.0,0.0,0,0.3031617647058824,22.73713235294118,Low,2044000.0,False,False,0.0,0.012745569255742759,536,536
78,Virgin Islands,3,VI,0,Cross-industry,cross-industry,1235,53-6061,Passenger Attendants,detailed,60.0,22.3,1.700,12.79,,,14.63,30440.0,2.2,11.95,12.44,14.37,17.07,17.07,"24,850","25,880",29880.0,"35,500","35,500",,,536061,9.449019607843136,33.62254901960784,Low,53,0.0,2100.0,0.02857142857142857,0.0,0.0,0,0.3362254901960784,25.21691176470588,Low,1826400.0,False,False,0.0,0.012630788213250985,536,536
78,Virgin Islands,3,VI,0,Cross-industry,cross-industry,1235,53-7051,Industrial Truck and Tractor Operators,detailed,30.0,20.9,0.914,0.18,,,18.10,37650.0,7.1,14.79,14.79,18.25,18.74,20.48,"30,770","30,770",37950.0,"38,990","42,600",,,537051,6.958169934640523,24.062091503267975,Low,53,0.0,2100.0,0.014285714285714285,0.0,0.0,0,0.24062091503267977,18.04656862745098,Very Low,1129500.0,False,False,0.0,0.005590150863382141,537,537
78,Virgin Islands,3,VI,0,Cross-industry,cross-industry,1235,53-7061,Cleaners of Vehicles and Equipment,detailed,50.0,32.7,1.489,0.62,,,15.38,31980.0,4.2,11.89,13.59,14.64,16.47,23.27,"24,740","28,270",30460.0,"34,250","48,400",,,537061,6.949019607843137,20.705882352941178,Low,53,0.0,2100.0,0.023809523809523808,0.0,0.0,0,0.20705882352941177,15.529411764705884,Very Low,1599000.0,False,False,0.0,0.006809984526168934,537,537
78,Virgin Islands,3,VI,0,Cross-industry,cross-industry,1235,53-7062,"Laborers and Freight, Stock, and Material Movers, Hand",detailed,410.0,8.8,12.203,0.62,,,15.98,33230.0,3.2,12.75,13.90,15.53,17.65,19.42,"26,520","28,920",32300.0,"36,720","40,390",,,537062,11.124836601307187,36.700980392156865,Low,53,0.0,2100.0,0.19523809523809524,0.0,0.0,0,0.3670098039215686,27.52573529411765,Low,13624300.0,False,False,0.0,0.10284798394516032,537,537
78,Virgin Islands,3,VI,0,Cross-industry,cross-industry,1235,53-7064,"Packers and Packagers, Hand",detailed,100.0,13.7,2.914,0.69,,,13.18,27410.0,3.3,10.79,11.00,11.56,14.33,17.29,"22,450","22,880",24040.0,"29,810","35,950",,,537064,14.61512605042017,50.82352941176471,Moderate,53,0.0,2100.0,0.047619047619047616,0.0,0.0,0,0.5082352941176471,38.117647058823536,Low,2741000.0,True,False,100.0,0.02865350644312834,537,537
78,Virgin Islands,3,VI,0,Cross-industry,cross-industry,1235,53-7065,Stockers and Order Fillers,detailed,540.0,8.4,16.066,0.85,,,13.32,27710.0,3.5,10.80,11.35,13.12,13.76,16.40,"22,460","23,610",27290.0,"28,630","34,110",,,537065,10.691176470588236,34.72794117647059,Low,53,0.0,2100.0,0.2571428571428571,0.0,0.0,0,0.3472794117647059,26.045955882352946,Low,14963400.0,False,False,0.0,0.10688413380994345,537,537
